date,time,age,gender
2025-04-01,09:14:00,37,1
2025-04-01,09:28:00,44,0
2025-04-01,09:41:00,48,0
2025-04-01,09:46:00,15,1
2025-04-01,09:53:00,20,0
2025-04-01,10:03:00,74,0
2025-04-01,10:10:00,15,1
2025-04-01,10:27:00,36,1
2025-04-01,10:29:00,65,1
2025-04-01,10:31:00,38,0
2025-04-01,10:34:00,38,1
2025-04-01,10:34:00,55,0
2025-04-01,10:35:00,17,1
2025-04-01,10:43:00,34,1
2025-04-01,10:46:00,69,1
2025-04-01,10:51:00,32,0
2025-04-01,10:57:00,44,0
2025-04-01,11:06:00,36,0
2025-04-01,11:11:00,42,1
2025-04-01,11:23:00,17,1
2025-04-01,11:43:00,17,0
2025-04-01,11:44:00,17,1
2025-04-01,12:06:00,58,1
2025-04-01,12:07:00,37,0
2025-04-01,12:08:00,33,1
2025-04-01,12:13:00,35,0
2025-04-01,12:20:00,15,0
2025-04-01,12:22:00,25,0
2025-04-01,12:22:00,49,0
2025-04-01,12:26:00,30,1
2025-04-01,12:32:00,20,0
2025-04-01,12:35:00,44,0
2025-04-01,12:38:00,20,0
2025-04-01,12:42:00,57,1
2025-04-01,12:45:00,21,0
2025-04-01,12:51:00,34,0
2025-04-01,12:58:00,30,1
2025-04-01,12:59:00,33,0
2025-04-01,13:03:00,39,0
2025-04-01,13:04:00,20,0
2025-04-01,13:04:00,20,1
2025-04-01,13:06:00,30,1
2025-04-01,13:12:00,24,0
2025-04-01,13:15:00,35,1
2025-04-01,13:19:00,29,0
2025-04-01,13:29:00,54,1
2025-04-01,13:29:00,34,0
2025-04-01,13:31:00,30,0
2025-04-01,13:35:00,78,1
2025-04-01,13:35:00,15,0
2025-04-01,13:43:00,43,1
2025-04-01,13:43:00,38,0
2025-04-01,13:44:00,25,1
2025-04-01,13:48:00,61,0
2025-04-01,13:49:00,46,0
2025-04-01,13:55:00,18,0
2025-04-01,14:06:00,36,0
2025-04-01,14:14:00,48,0
2025-04-01,14:16:00,45,1
2025-04-01,14:17:00,23,0
2025-04-01,14:20:00,54,0
2025-04-01,14:28:00,27,0
2025-04-01,14:32:00,26,1
2025-04-01,14:33:00,37,1
2025-04-01,14:41:00,72,0
2025-04-01,14:43:00,74,0
2025-04-01,14:47:00,27,0
2025-04-01,14:51:00,73,0
2025-04-01,15:03:00,75,1
2025-04-01,15:06:00,49,0
2025-04-01,15:07:00,56,1
2025-04-01,15:10:00,58,0
2025-04-01,15:13:00,20,0
2025-04-01,15:24:00,47,1
2025-04-01,15:24:00,25,1
2025-04-01,15:31:00,64,0
2025-04-01,15:33:00,35,0
2025-04-01,15:33:00,51,1
2025-04-01,15:33:00,18,1
2025-04-01,15:33:00,34,1
2025-04-01,15:33:00,71,0
2025-04-01,15:34:00,25,0
2025-04-01,15:36:00,32,0
2025-04-01,15:37:00,29,1
2025-04-01,15:41:00,28,1
2025-04-01,15:44:00,34,0
2025-04-01,15:46:00,26,0
2025-04-01,15:46:00,42,0
2025-04-01,15:47:00,39,0
2025-04-01,15:47:00,41,1
2025-04-01,15:49:00,76,0
2025-04-01,16:02:00,27,1
2025-04-01,16:06:00,55,0
2025-04-01,16:07:00,19,0
2025-04-01,16:09:00,40,1
2025-04-01,16:13:00,16,1
2025-04-01,16:13:00,31,1
2025-04-01,16:14:00,17,1
2025-04-01,16:17:00,26,1
2025-04-01,16:19:00,16,0
2025-04-01,16:20:00,15,1
2025-04-01,16:22:00,30,1
2025-04-01,16:24:00,58,0
2025-04-01,16:26:00,31,0
2025-04-01,16:28:00,26,1
2025-04-01,16:30:00,29,1
2025-04-01,16:33:00,34,1
2025-04-01,16:35:00,30,0
2025-04-01,16:38:00,18,0
2025-04-01,16:41:00,32,1
2025-04-01,16:43:00,38,1
2025-04-01,16:51:00,74,1
2025-04-01,16:53:00,23,0
2025-04-01,16:58:00,15,0
2025-04-01,16:59:00,51,0
2025-04-01,17:00:00,35,0
2025-04-01,17:07:00,33,0
2025-04-01,17:08:00,37,0
2025-04-01,17:08:00,32,0
2025-04-01,17:13:00,54,1
2025-04-01,17:14:00,19,0
2025-04-01,17:14:00,37,1
2025-04-01,17:15:00,17,1
2025-04-01,17:17:00,57,0
2025-04-01,17:20:00,24,0
2025-04-01,17:22:00,37,1
2025-04-01,17:22:00,38,1
2025-04-01,17:22:00,23,0
2025-04-01,17:25:00,17,1
2025-04-01,17:33:00,45,0
2025-04-01,17:37:00,30,1
2025-04-01,17:39:00,22,0
2025-04-01,17:46:00,35,1
2025-04-01,17:49:00,51,0
2025-04-01,17:53:00,21,0
2025-04-01,17:56:00,25,1
2025-04-01,17:58:00,24,0
2025-04-01,18:02:00,41,1
2025-04-01,18:11:00,42,1
2025-04-01,18:12:00,33,0
2025-04-01,18:16:00,23,1
2025-04-01,18:40:00,37,0
2025-04-01,19:19:00,36,1
2025-04-01,19:19:00,30,0
2025-04-01,19:26:00,36,0
2025-04-01,19:29:00,39,1
2025-04-01,19:36:00,15,0
2025-04-01,19:42:00,25,0
2025-04-01,19:50:00,39,1
2025-04-01,19:54:00,17,0
2025-04-01,19:58:00,36,0
2025-04-01,20:02:00,56,0
2025-04-01,20:03:00,23,1
2025-04-01,20:09:00,38,0
2025-04-01,20:17:00,26,0
2025-04-01,20:20:00,56,1
2025-04-01,20:20:00,78,1
2025-04-01,20:23:00,21,1
2025-04-01,20:33:00,41,1
2025-04-01,20:36:00,29,0
2025-04-01,20:46:00,48,1
2025-04-01,20:48:00,67,0
2025-04-01,20:54:00,25,1
2025-04-01,20:55:00,31,0
2025-04-01,20:56:00,33,0
2025-04-02,09:13:00,58,1
2025-04-02,09:14:00,23,0
2025-04-02,09:14:00,31,1
2025-04-02,09:21:00,30,1
2025-04-02,09:22:00,26,0
2025-04-02,09:37:00,29,1
2025-04-02,09:44:00,34,1
2025-04-02,09:44:00,24,0
2025-04-02,09:46:00,39,1
2025-04-02,09:54:00,37,1
2025-04-02,09:54:00,16,1
2025-04-02,09:56:00,44,1
2025-04-02,09:58:00,70,1
2025-04-02,10:06:00,31,0
2025-04-02,10:08:00,17,1
2025-04-02,10:09:00,17,0
2025-04-02,10:13:00,30,0
2025-04-02,10:19:00,42,0
2025-04-02,10:23:00,32,0
2025-04-02,10:27:00,52,1
2025-04-02,11:02:00,36,0
2025-04-02,11:12:00,35,1
2025-04-02,11:17:00,69,0
2025-04-02,11:21:00,37,1
2025-04-02,11:22:00,18,0
2025-04-02,11:24:00,33,1
2025-04-02,11:34:00,45,1
2025-04-02,11:41:00,19,0
2025-04-02,11:41:00,18,1
2025-04-02,11:44:00,36,1
2025-04-02,11:52:00,30,1
2025-04-02,11:52:00,36,0
2025-04-02,11:55:00,21,0
2025-04-02,12:00:00,39,1
2025-04-02,12:01:00,42,0
2025-04-02,12:09:00,16,1
2025-04-02,12:11:00,47,1
2025-04-02,12:13:00,15,0
2025-04-02,12:19:00,33,1
2025-04-02,12:20:00,56,1
2025-04-02,12:21:00,29,0
2025-04-02,12:26:00,37,0
2025-04-02,12:30:00,39,1
2025-04-02,12:35:00,30,0
2025-04-02,12:37:00,28,1
2025-04-02,12:41:00,38,0
2025-04-02,12:46:00,36,0
2025-04-02,12:54:00,30,0
2025-04-02,13:16:00,17,0
2025-04-02,13:25:00,22,0
2025-04-02,13:27:00,38,0
2025-04-02,13:51:00,16,1
2025-04-02,14:04:00,32,0
2025-04-02,14:06:00,34,0
2025-04-02,14:20:00,21,0
2025-04-02,14:32:00,38,0
2025-04-02,14:37:00,48,0
2025-04-02,14:43:00,34,1
2025-04-02,14:46:00,15,0
2025-04-02,14:55:00,30,1
2025-04-02,15:11:00,15,0
2025-04-02,15:16:00,32,0
2025-04-02,15:16:00,22,0
2025-04-02,15:16:00,72,1
2025-04-02,15:22:00,36,0
2025-04-02,15:23:00,18,1
2025-04-02,15:26:00,39,1
2025-04-02,15:30:00,17,1
2025-04-02,15:37:00,51,1
2025-04-02,15:37:00,20,0
2025-04-02,15:45:00,71,0
2025-04-02,15:45:00,20,0
2025-04-02,15:50:00,18,0
2025-04-02,15:52:00,38,0
2025-04-02,15:52:00,33,0
2025-04-02,15:56:00,18,1
2025-04-02,15:56:00,28,0
2025-04-02,15:57:00,23,1
2025-04-02,15:58:00,18,0
2025-04-02,16:02:00,15,1
2025-04-02,16:24:00,35,0
2025-04-02,16:25:00,22,0
2025-04-02,16:31:00,23,0
2025-04-02,16:38:00,17,0
2025-04-02,16:42:00,53,1
2025-04-02,16:43:00,22,0
2025-04-02,16:47:00,18,0
2025-04-02,16:52:00,22,0
2025-04-02,16:55:00,67,0
2025-04-02,17:06:00,71,1
2025-04-02,17:06:00,65,1
2025-04-02,17:13:00,49,1
2025-04-02,17:16:00,38,1
2025-04-02,17:17:00,28,0
2025-04-02,17:19:00,32,0
2025-04-02,17:23:00,27,0
2025-04-02,17:24:00,36,0
2025-04-02,17:25:00,31,0
2025-04-02,17:40:00,50,1
2025-04-02,17:43:00,28,1
2025-04-02,17:48:00,15,1
2025-04-02,17:49:00,19,0
2025-04-02,18:01:00,17,0
2025-04-02,18:04:00,30,1
2025-04-02,18:07:00,30,0
2025-04-02,18:11:00,33,1
2025-04-02,18:11:00,60,1
2025-04-02,18:15:00,66,1
2025-04-02,18:17:00,15,0
2025-04-02,18:21:00,22,0
2025-04-02,18:24:00,35,1
2025-04-02,18:28:00,16,0
2025-04-02,18:32:00,32,1
2025-04-02,18:41:00,23,0
2025-04-02,18:41:00,53,0
2025-04-02,18:53:00,34,0
2025-04-02,19:00:00,27,1
2025-04-02,19:14:00,45,0
2025-04-02,19:20:00,15,1
2025-04-02,19:22:00,24,1
2025-04-02,19:28:00,23,0
2025-04-02,19:33:00,37,0
2025-04-02,19:38:00,39,1
2025-04-02,19:38:00,28,1
2025-04-02,19:43:00,47,0
2025-04-02,19:43:00,19,0
2025-04-02,19:50:00,41,0
2025-04-02,19:52:00,38,0
2025-04-02,20:31:00,35,1
2025-04-02,20:32:00,59,1
2025-04-02,20:35:00,16,1
2025-04-02,20:45:00,23,0
2025-04-02,20:58:00,36,1
2025-04-03,09:04:00,16,0
2025-04-03,09:05:00,63,1
2025-04-03,09:07:00,19,1
2025-04-03,09:07:00,37,0
2025-04-03,09:07:00,25,0
2025-04-03,09:12:00,23,1
2025-04-03,09:13:00,37,0
2025-04-03,09:14:00,21,0
2025-04-03,09:15:00,55,0
2025-04-03,09:17:00,19,0
2025-04-03,09:20:00,17,1
2025-04-03,09:22:00,42,0
2025-04-03,09:26:00,35,1
2025-04-03,09:34:00,25,0
2025-04-03,09:36:00,35,0
2025-04-03,09:38:00,17,1
2025-04-03,09:43:00,33,1
2025-04-03,09:45:00,33,0
2025-04-03,09:48:00,56,1
2025-04-03,09:50:00,29,0
2025-04-03,09:54:00,28,0
2025-04-03,09:56:00,61,1
2025-04-03,10:00:00,20,0
2025-04-03,10:02:00,53,0
2025-04-03,10:03:00,51,0
2025-04-03,10:09:00,32,0
2025-04-03,10:11:00,30,0
2025-04-03,10:29:00,21,1
2025-04-03,10:29:00,32,0
2025-04-03,10:31:00,47,0
2025-04-03,10:35:00,19,1
2025-04-03,10:35:00,29,0
2025-04-03,10:37:00,34,1
2025-04-03,10:43:00,27,0
2025-04-03,10:51:00,38,0
2025-04-03,10:52:00,37,0
2025-04-03,10:58:00,31,1
2025-04-03,10:59:00,59,1
2025-04-03,11:03:00,16,0
2025-04-03,11:22:00,18,0
2025-04-03,11:24:00,42,1
2025-04-03,11:25:00,30,1
2025-04-03,11:26:00,21,0
2025-04-03,11:35:00,52,1
2025-04-03,11:40:00,30,0
2025-04-03,11:41:00,25,1
2025-04-03,11:54:00,35,1
2025-04-03,11:57:00,15,1
2025-04-03,12:01:00,15,0
2025-04-03,12:03:00,24,1
2025-04-03,12:03:00,18,0
2025-04-03,12:06:00,46,1
2025-04-03,12:07:00,75,1
2025-04-03,12:10:00,22,1
2025-04-03,12:12:00,39,0
2025-04-03,12:14:00,36,0
2025-04-03,12:27:00,22,0
2025-04-03,12:29:00,36,0
2025-04-03,12:30:00,16,1
2025-04-03,12:42:00,19,1
2025-04-03,12:47:00,17,0
2025-04-03,12:56:00,29,1
2025-04-03,13:00:00,30,1
2025-04-03,13:01:00,37,0
2025-04-03,13:04:00,36,1
2025-04-03,13:09:00,19,1
2025-04-03,13:13:00,25,0
2025-04-03,13:14:00,33,1
2025-04-03,13:16:00,70,1
2025-04-03,13:17:00,41,0
2025-04-03,13:23:00,30,1
2025-04-03,13:24:00,26,1
2025-04-03,13:25:00,70,0
2025-04-03,13:25:00,32,1
2025-04-03,13:28:00,29,0
2025-04-03,13:36:00,70,0
2025-04-03,13:36:00,42,1
2025-04-03,13:40:00,17,0
2025-04-03,13:46:00,15,0
2025-04-03,13:48:00,35,1
2025-04-03,13:49:00,37,0
2025-04-03,13:51:00,17,0
2025-04-03,13:51:00,17,0
2025-04-03,13:55:00,37,1
2025-04-03,13:59:00,19,1
2025-04-03,14:01:00,16,1
2025-04-03,14:01:00,50,0
2025-04-03,14:01:00,34,0
2025-04-03,14:08:00,41,0
2025-04-03,14:08:00,39,0
2025-04-03,14:09:00,47,0
2025-04-03,14:10:00,74,0
2025-04-03,14:14:00,39,0
2025-04-03,14:15:00,67,0
2025-04-03,14:20:00,30,0
2025-04-03,14:21:00,52,1
2025-04-03,14:24:00,21,1
2025-04-03,14:28:00,35,0
2025-04-03,14:28:00,20,1
2025-04-03,14:29:00,30,1
2025-04-03,14:30:00,74,1
2025-04-03,14:32:00,27,0
2025-04-03,14:38:00,59,1
2025-04-03,14:45:00,43,0
2025-04-03,14:47:00,65,0
2025-04-03,14:47:00,67,1
2025-04-03,14:54:00,34,0
2025-04-03,14:55:00,26,1
2025-04-03,15:06:00,16,1
2025-04-03,15:09:00,28,1
2025-04-03,15:09:00,27,0
2025-04-03,15:10:00,52,0
2025-04-03,15:22:00,15,1
2025-04-03,15:23:00,28,1
2025-04-03,15:26:00,34,0
2025-04-03,15:29:00,34,0
2025-04-03,15:41:00,43,1
2025-04-03,15:42:00,22,0
2025-04-03,15:43:00,39,0
2025-04-03,15:54:00,16,1
2025-04-03,15:56:00,16,1
2025-04-03,16:05:00,21,1
2025-04-03,16:13:00,59,0
2025-04-03,16:15:00,22,1
2025-04-03,16:18:00,68,0
2025-04-03,16:18:00,30,1
2025-04-03,16:39:00,27,0
2025-04-03,16:43:00,27,0
2025-04-03,16:50:00,34,0
2025-04-03,16:51:00,36,1
2025-04-03,16:53:00,32,0
2025-04-03,16:57:00,28,1
2025-04-03,17:00:00,53,0
2025-04-03,17:01:00,18,0
2025-04-03,17:06:00,19,1
2025-04-03,17:06:00,65,1
2025-04-03,17:13:00,29,1
2025-04-03,17:17:00,35,1
2025-04-03,17:19:00,23,0
2025-04-03,17:20:00,22,0
2025-04-03,17:21:00,63,0
2025-04-03,17:29:00,30,0
2025-04-03,17:37:00,20,1
2025-04-03,18:05:00,34,0
2025-04-03,18:18:00,25,1
2025-04-03,18:25:00,20,1
2025-04-03,18:31:00,37,1
2025-04-03,18:32:00,25,0
2025-04-03,18:32:00,50,1
2025-04-03,18:35:00,44,0
2025-04-03,18:36:00,27,0
2025-04-03,18:37:00,26,0
2025-04-03,18:41:00,26,0
2025-04-03,18:43:00,51,0
2025-04-03,18:47:00,53,1
2025-04-03,18:58:00,77,1
2025-04-03,19:04:00,51,0
2025-04-03,19:14:00,20,1
2025-04-03,19:21:00,50,0
2025-04-03,19:21:00,29,1
2025-04-03,19:22:00,28,0
2025-04-03,19:34:00,26,0
2025-04-03,19:36:00,58,1
2025-04-03,19:36:00,32,0
2025-04-03,19:37:00,15,1
2025-04-03,19:38:00,25,1
2025-04-03,19:45:00,16,0
2025-04-03,19:45:00,37,0
2025-04-03,19:50:00,55,1
2025-04-03,19:51:00,17,1
2025-04-03,19:52:00,20,0
2025-04-03,20:00:00,37,1
2025-04-03,20:01:00,29,0
2025-04-03,20:02:00,34,0
2025-04-03,20:04:00,33,0
2025-04-03,20:05:00,18,0
2025-04-03,20:08:00,32,0
2025-04-03,20:08:00,17,0
2025-04-03,20:09:00,24,0
2025-04-03,20:12:00,43,1
2025-04-03,20:18:00,52,0
2025-04-03,20:18:00,35,0
2025-04-03,20:18:00,39,1
2025-04-03,20:22:00,27,1
2025-04-03,20:24:00,74,1
2025-04-03,20:24:00,20,1
2025-04-03,20:25:00,30,0
2025-04-03,20:31:00,17,1
2025-04-03,20:39:00,24,1
2025-04-03,20:39:00,33,0
2025-04-03,20:41:00,23,0
2025-04-03,20:46:00,30,1
2025-04-03,20:47:00,38,1
2025-04-03,20:48:00,39,1
2025-04-03,20:50:00,56,0
2025-04-03,20:58:00,24,0
2025-04-03,20:59:00,64,0
2025-04-04,09:22:00,50,1
2025-04-04,09:33:00,23,0
2025-04-04,09:34:00,17,1
2025-04-04,09:47:00,29,0
2025-04-04,09:48:00,17,0
2025-04-04,09:51:00,21,0
2025-04-04,09:56:00,36,0
2025-04-04,10:03:00,33,0
2025-04-04,10:03:00,36,1
2025-04-04,10:04:00,79,1
2025-04-04,10:05:00,34,1
2025-04-04,10:08:00,36,0
2025-04-04,10:10:00,21,1
2025-04-04,10:10:00,45,0
2025-04-04,10:13:00,24,1
2025-04-04,10:16:00,21,0
2025-04-04,10:20:00,49,1
2025-04-04,10:21:00,21,1
2025-04-04,10:23:00,34,1
2025-04-04,10:23:00,22,0
2025-04-04,10:26:00,33,0
2025-04-04,10:27:00,41,1
2025-04-04,10:29:00,58,0
2025-04-04,10:34:00,48,1
2025-04-04,10:36:00,29,0
2025-04-04,10:36:00,23,0
2025-04-04,10:38:00,28,0
2025-04-04,10:38:00,47,0
2025-04-04,10:39:00,37,1
2025-04-04,10:45:00,25,0
2025-04-04,10:46:00,40,1
2025-04-04,10:47:00,78,1
2025-04-04,10:50:00,27,1
2025-04-04,10:51:00,29,0
2025-04-04,10:51:00,24,0
2025-04-04,10:53:00,53,1
2025-04-04,10:53:00,54,0
2025-04-04,10:58:00,23,0
2025-04-04,10:59:00,31,1
2025-04-04,11:03:00,31,0
2025-04-04,11:09:00,36,1
2025-04-04,11:12:00,21,1
2025-04-04,11:13:00,66,1
2025-04-04,11:15:00,23,0
2025-04-04,11:17:00,18,0
2025-04-04,11:18:00,17,1
2025-04-04,11:19:00,66,0
2025-04-04,11:24:00,15,0
2025-04-04,11:28:00,33,1
2025-04-04,11:28:00,25,0
2025-04-04,11:30:00,27,0
2025-04-04,11:34:00,56,1
2025-04-04,11:34:00,20,1
2025-04-04,11:39:00,37,0
2025-04-04,11:44:00,33,1
2025-04-04,11:44:00,32,1
2025-04-04,11:46:00,54,0
2025-04-04,11:55:00,27,1
2025-04-04,11:59:00,44,1
2025-04-04,11:59:00,28,0
2025-04-04,12:00:00,21,0
2025-04-04,12:01:00,29,0
2025-04-04,12:06:00,19,1
2025-04-04,12:07:00,16,0
2025-04-04,12:14:00,19,0
2025-04-04,12:20:00,33,0
2025-04-04,12:30:00,17,1
2025-04-04,12:31:00,18,1
2025-04-04,12:34:00,16,0
2025-04-04,12:37:00,19,1
2025-04-04,12:39:00,22,0
2025-04-04,12:40:00,19,0
2025-04-04,12:49:00,25,1
2025-04-04,12:54:00,35,1
2025-04-04,12:57:00,21,1
2025-04-04,12:58:00,20,0
2025-04-04,12:59:00,22,1
2025-04-04,13:00:00,24,0
2025-04-04,13:03:00,23,1
2025-04-04,13:06:00,32,0
2025-04-04,13:06:00,29,1
2025-04-04,13:20:00,33,0
2025-04-04,13:21:00,31,0
2025-04-04,13:22:00,51,1
2025-04-04,13:22:00,17,1
2025-04-04,13:23:00,17,0
2025-04-04,13:24:00,20,1
2025-04-04,13:28:00,57,1
2025-04-04,13:29:00,52,0
2025-04-04,13:29:00,43,0
2025-04-04,13:32:00,25,0
2025-04-04,13:32:00,26,0
2025-04-04,13:36:00,38,0
2025-04-04,13:40:00,49,0
2025-04-04,13:47:00,20,1
2025-04-04,13:47:00,19,0
2025-04-04,13:52:00,23,0
2025-04-04,13:54:00,37,0
2025-04-04,13:55:00,37,0
2025-04-04,14:01:00,58,1
2025-04-04,14:04:00,24,1
2025-04-04,14:05:00,23,1
2025-04-04,14:09:00,37,0
2025-04-04,14:12:00,17,0
2025-04-04,14:12:00,20,1
2025-04-04,14:13:00,20,0
2025-04-04,14:34:00,76,1
2025-04-04,14:44:00,18,0
2025-04-04,14:44:00,24,1
2025-04-04,14:46:00,67,1
2025-04-04,14:52:00,70,1
2025-04-04,15:02:00,21,1
2025-04-04,15:03:00,27,1
2025-04-04,15:03:00,75,0
2025-04-04,15:04:00,55,1
2025-04-04,15:04:00,16,1
2025-04-04,15:04:00,17,0
2025-04-04,15:05:00,36,1
2025-04-04,15:05:00,78,1
2025-04-04,15:09:00,17,0
2025-04-04,15:09:00,19,1
2025-04-04,15:11:00,29,0
2025-04-04,15:15:00,39,1
2025-04-04,15:15:00,43,1
2025-04-04,15:15:00,70,0
2025-04-04,15:15:00,16,0
2025-04-04,15:16:00,57,1
2025-04-04,15:19:00,74,0
2025-04-04,15:23:00,37,1
2025-04-04,15:27:00,53,0
2025-04-04,15:30:00,17,1
2025-04-04,15:31:00,31,0
2025-04-04,15:31:00,20,1
2025-04-04,15:36:00,15,0
2025-04-04,15:36:00,37,0
2025-04-04,15:37:00,20,0
2025-04-04,15:37:00,34,1
2025-04-04,15:39:00,36,1
2025-04-04,15:42:00,30,0
2025-04-04,15:44:00,19,0
2025-04-04,15:51:00,34,0
2025-04-04,15:54:00,74,0
2025-04-04,15:56:00,44,0
2025-04-04,15:57:00,17,1
2025-04-04,15:58:00,29,0
2025-04-04,16:04:00,51,0
2025-04-04,16:07:00,19,1
2025-04-04,16:08:00,30,0
2025-04-04,16:08:00,52,0
2025-04-04,16:10:00,54,0
2025-04-04,16:19:00,27,0
2025-04-04,16:24:00,30,1
2025-04-04,16:28:00,29,0
2025-04-04,16:33:00,31,0
2025-04-04,16:35:00,69,0
2025-04-04,16:41:00,46,0
2025-04-04,16:43:00,22,0
2025-04-04,16:57:00,28,0
2025-04-04,16:58:00,30,0
2025-04-04,16:59:00,19,1
2025-04-04,17:00:00,30,1
2025-04-04,17:03:00,30,0
2025-04-04,17:08:00,31,0
2025-04-04,17:09:00,34,1
2025-04-04,17:12:00,30,0
2025-04-04,17:15:00,24,0
2025-04-04,17:18:00,42,1
2025-04-04,17:20:00,39,0
2025-04-04,17:24:00,37,1
2025-04-04,17:27:00,15,0
2025-04-04,17:31:00,57,0
2025-04-04,17:37:00,17,1
2025-04-04,17:38:00,39,1
2025-04-04,17:44:00,45,1
2025-04-04,17:49:00,50,1
2025-04-04,17:49:00,22,0
2025-04-04,17:50:00,68,0
2025-04-04,17:55:00,16,0
2025-04-04,17:59:00,43,1
2025-04-04,18:01:00,34,1
2025-04-04,18:03:00,25,0
2025-04-04,18:07:00,40,1
2025-04-04,18:07:00,18,0
2025-04-04,18:11:00,32,1
2025-04-04,18:12:00,75,1
2025-04-04,18:12:00,31,1
2025-04-04,18:13:00,20,0
2025-04-04,18:14:00,39,0
2025-04-04,18:15:00,37,1
2025-04-04,18:17:00,16,0
2025-04-04,18:20:00,49,0
2025-04-04,18:22:00,37,1
2025-04-04,18:23:00,73,1
2025-04-04,18:27:00,60,0
2025-04-04,18:28:00,17,0
2025-04-04,18:30:00,18,0
2025-04-04,18:39:00,60,1
2025-04-04,18:42:00,35,1
2025-04-04,18:46:00,29,0
2025-04-04,18:46:00,16,0
2025-04-04,18:49:00,68,1
2025-04-04,18:49:00,37,0
2025-04-04,18:54:00,31,0
2025-04-04,19:03:00,35,0
2025-04-04,19:04:00,76,0
2025-04-04,19:09:00,68,1
2025-04-04,19:11:00,31,0
2025-04-04,19:14:00,74,0
2025-04-04,19:18:00,76,0
2025-04-04,19:18:00,36,0
2025-04-04,19:19:00,27,1
2025-04-04,19:19:00,31,0
2025-04-04,19:20:00,22,0
2025-04-04,19:28:00,27,0
2025-04-04,19:29:00,28,0
2025-04-04,19:34:00,27,0
2025-04-04,19:44:00,26,1
2025-04-04,19:46:00,36,1
2025-04-04,19:46:00,23,0
2025-04-04,19:50:00,70,1
2025-04-04,19:51:00,30,1
2025-04-04,19:51:00,43,1
2025-04-04,19:53:00,22,1
2025-04-04,19:54:00,39,1
2025-04-04,19:54:00,38,0
2025-04-04,19:55:00,39,0
2025-04-04,19:56:00,39,1
2025-04-04,19:58:00,17,1
2025-04-04,20:00:00,64,1
2025-04-04,20:01:00,29,0
2025-04-04,20:01:00,35,1
2025-04-04,20:03:00,26,1
2025-04-04,20:11:00,30,1
2025-04-04,20:13:00,33,1
2025-04-04,20:13:00,37,0
2025-04-04,20:14:00,50,0
2025-04-04,20:17:00,38,1
2025-04-04,20:18:00,19,0
2025-04-04,20:19:00,39,1
2025-04-04,20:27:00,35,1
2025-04-04,20:27:00,17,0
2025-04-04,20:30:00,37,1
2025-04-04,20:32:00,37,0
2025-04-04,20:33:00,66,0
2025-04-04,20:36:00,31,0
2025-04-04,20:38:00,34,1
2025-04-04,20:39:00,44,0
2025-04-04,20:40:00,52,1
2025-04-04,20:41:00,24,0
2025-04-04,20:43:00,22,1
2025-04-04,20:46:00,70,1
2025-04-04,20:47:00,35,1
2025-04-04,20:50:00,55,0
2025-04-04,20:54:00,20,1
2025-04-04,20:55:00,36,1
2025-04-04,20:58:00,18,0
2025-04-05,09:01:00,37,0
2025-04-05,09:07:00,35,1
2025-04-05,09:19:00,42,0
2025-04-05,09:19:00,23,1
2025-04-05,09:21:00,33,0
2025-04-05,09:22:00,23,0
2025-04-05,09:24:00,20,0
2025-04-05,09:35:00,36,1
2025-04-05,10:00:00,30,0
2025-04-05,10:00:00,37,0
2025-04-05,10:00:00,18,0
2025-04-05,10:03:00,58,1
2025-04-05,10:04:00,55,1
2025-04-05,10:06:00,32,0
2025-04-05,10:08:00,74,0
2025-04-05,10:09:00,38,0
2025-04-05,10:21:00,23,0
2025-04-05,10:22:00,27,0
2025-04-05,10:23:00,57,1
2025-04-05,10:25:00,41,1
2025-04-05,10:26:00,20,0
2025-04-05,10:27:00,34,0
2025-04-05,10:28:00,30,1
2025-04-05,10:30:00,45,1
2025-04-05,10:31:00,20,1
2025-04-05,10:32:00,28,0
2025-04-05,10:33:00,49,0
2025-04-05,10:36:00,52,1
2025-04-05,10:39:00,22,1
2025-04-05,10:42:00,26,1
2025-04-05,10:42:00,63,1
2025-04-05,10:43:00,16,0
2025-04-05,10:44:00,22,0
2025-04-05,10:45:00,17,1
2025-04-05,10:47:00,78,0
2025-04-05,10:50:00,29,1
2025-04-05,10:53:00,45,0
2025-04-05,10:58:00,48,0
2025-04-05,11:02:00,52,0
2025-04-05,11:03:00,17,1
2025-04-05,11:06:00,19,0
2025-04-05,11:06:00,47,1
2025-04-05,11:09:00,25,0
2025-04-05,11:14:00,36,0
2025-04-05,11:16:00,18,0
2025-04-05,11:18:00,34,0
2025-04-05,11:28:00,24,0
2025-04-05,11:36:00,20,0
2025-04-05,11:36:00,17,0
2025-04-05,11:37:00,53,0
2025-04-05,11:49:00,43,0
2025-04-05,11:50:00,30,0
2025-04-05,11:52:00,44,1
2025-04-05,11:55:00,47,1
2025-04-05,11:55:00,28,0
2025-04-05,11:59:00,79,1
2025-04-05,12:00:00,20,1
2025-04-05,12:00:00,33,0
2025-04-05,12:01:00,56,1
2025-04-05,12:03:00,51,0
2025-04-05,12:05:00,17,1
2025-04-05,12:09:00,22,0
2025-04-05,12:13:00,17,0
2025-04-05,12:17:00,40,0
2025-04-05,12:17:00,15,0
2025-04-05,12:19:00,69,1
2025-04-05,12:24:00,74,1
2025-04-05,12:26:00,37,0
2025-04-05,12:32:00,71,0
2025-04-05,12:34:00,38,0
2025-04-05,12:36:00,39,1
2025-04-05,12:36:00,30,0
2025-04-05,12:37:00,45,1
2025-04-05,12:37:00,39,0
2025-04-05,12:43:00,17,0
2025-04-05,12:44:00,56,0
2025-04-05,12:45:00,65,0
2025-04-05,12:48:00,29,0
2025-04-05,12:49:00,22,0
2025-04-05,13:02:00,19,1
2025-04-05,13:10:00,51,0
2025-04-05,13:10:00,15,0
2025-04-05,13:11:00,39,1
2025-04-05,13:13:00,25,1
2025-04-05,13:16:00,24,0
2025-04-05,13:18:00,75,0
2025-04-05,13:19:00,27,1
2025-04-05,13:23:00,23,1
2025-04-05,13:23:00,49,1
2025-04-05,13:23:00,70,0
2025-04-05,13:26:00,44,1
2025-04-05,13:28:00,60,0
2025-04-05,13:31:00,31,1
2025-04-05,13:31:00,40,0
2025-04-05,13:33:00,52,1
2025-04-05,13:33:00,32,0
2025-04-05,13:36:00,23,0
2025-04-05,13:37:00,42,0
2025-04-05,13:38:00,42,0
2025-04-05,13:40:00,16,1
2025-04-05,13:40:00,57,1
2025-04-05,13:42:00,39,0
2025-04-05,13:45:00,51,0
2025-04-05,13:46:00,36,0
2025-04-05,13:48:00,65,1
2025-04-05,13:53:00,79,1
2025-04-05,13:54:00,76,0
2025-04-05,13:55:00,25,0
2025-04-05,13:57:00,63,0
2025-04-05,14:01:00,39,0
2025-04-05,14:02:00,29,1
2025-04-05,14:05:00,22,1
2025-04-05,14:05:00,69,0
2025-04-05,14:06:00,73,0
2025-04-05,14:13:00,33,0
2025-04-05,14:14:00,26,1
2025-04-05,14:15:00,26,1
2025-04-05,14:21:00,24,1
2025-04-05,14:26:00,54,0
2025-04-05,14:33:00,20,0
2025-04-05,14:35:00,37,1
2025-04-05,14:35:00,50,0
2025-04-05,14:40:00,34,0
2025-04-05,14:44:00,45,1
2025-04-05,14:44:00,33,1
2025-04-05,14:46:00,35,1
2025-04-05,14:46:00,76,0
2025-04-05,14:54:00,15,0
2025-04-05,14:55:00,25,1
2025-04-05,14:57:00,32,0
2025-04-05,14:57:00,16,0
2025-04-05,14:58:00,17,0
2025-04-05,14:58:00,21,0
2025-04-05,15:07:00,18,0
2025-04-05,15:17:00,35,1
2025-04-05,15:18:00,24,0
2025-04-05,15:29:00,55,1
2025-04-05,15:45:00,27,1
2025-04-05,15:50:00,17,1
2025-04-05,15:53:00,20,0
2025-04-05,16:02:00,77,1
2025-04-05,16:04:00,62,0
2025-04-05,16:07:00,21,0
2025-04-05,16:08:00,78,0
2025-04-05,16:10:00,36,0
2025-04-05,16:12:00,27,1
2025-04-05,16:13:00,26,1
2025-04-05,16:17:00,30,0
2025-04-05,16:18:00,46,0
2025-04-05,16:20:00,16,0
2025-04-05,16:22:00,32,1
2025-04-05,16:26:00,34,0
2025-04-05,16:28:00,20,0
2025-04-05,16:29:00,29,0
2025-04-05,16:32:00,19,0
2025-04-05,16:32:00,59,0
2025-04-05,16:37:00,39,0
2025-04-05,16:37:00,55,0
2025-04-05,16:40:00,19,0
2025-04-05,16:42:00,27,1
2025-04-05,16:45:00,22,1
2025-04-05,16:45:00,31,0
2025-04-05,16:46:00,48,1
2025-04-05,16:47:00,54,1
2025-04-05,16:47:00,59,0
2025-04-05,16:49:00,35,0
2025-04-05,16:50:00,37,1
2025-04-05,16:52:00,59,0
2025-04-05,16:54:00,22,1
2025-04-05,16:54:00,38,1
2025-04-05,16:55:00,54,1
2025-04-05,16:56:00,15,1
2025-04-05,16:58:00,22,0
2025-04-05,17:02:00,44,1
2025-04-05,17:03:00,18,0
2025-04-05,17:03:00,25,1
2025-04-05,17:04:00,74,1
2025-04-05,17:08:00,30,0
2025-04-05,17:09:00,24,1
2025-04-05,17:11:00,58,0
2025-04-05,17:12:00,19,0
2025-04-05,17:14:00,17,1
2025-04-05,17:15:00,78,0
2025-04-05,17:16:00,18,1
2025-04-05,17:26:00,38,0
2025-04-05,17:26:00,44,1
2025-04-05,17:28:00,21,1
2025-04-05,17:29:00,36,1
2025-04-05,17:35:00,58,1
2025-04-05,17:36:00,36,1
2025-04-05,17:37:00,36,1
2025-04-05,17:39:00,25,0
2025-04-05,17:40:00,48,0
2025-04-05,17:40:00,70,0
2025-04-05,17:40:00,37,0
2025-04-05,17:41:00,76,1
2025-04-05,17:44:00,34,1
2025-04-05,17:44:00,31,0
2025-04-05,17:44:00,24,0
2025-04-05,17:46:00,19,0
2025-04-05,17:46:00,35,0
2025-04-05,17:47:00,21,0
2025-04-05,17:49:00,59,0
2025-04-05,17:49:00,33,1
2025-04-05,17:54:00,25,1
2025-04-05,17:58:00,35,0
2025-04-05,17:58:00,22,0
2025-04-05,18:01:00,15,0
2025-04-05,18:05:00,29,0
2025-04-05,18:05:00,27,1
2025-04-05,18:10:00,17,0
2025-04-05,18:10:00,16,0
2025-04-05,18:18:00,24,0
2025-04-05,18:28:00,15,0
2025-04-05,18:32:00,36,0
2025-04-05,18:36:00,36,1
2025-04-05,18:45:00,27,1
2025-04-05,18:50:00,53,0
2025-04-05,18:54:00,59,0
2025-04-05,18:55:00,37,1
2025-04-05,18:59:00,27,0
2025-04-05,19:03:00,29,0
2025-04-05,19:17:00,39,1
2025-04-05,19:19:00,23,0
2025-04-05,19:21:00,16,1
2025-04-05,19:24:00,23,0
2025-04-05,19:26:00,23,0
2025-04-05,19:38:00,50,1
2025-04-05,19:38:00,41,0
2025-04-05,19:43:00,36,1
2025-04-05,19:50:00,58,0
2025-04-05,19:50:00,28,0
2025-04-05,19:51:00,21,0
2025-04-05,19:51:00,46,0
2025-04-05,19:52:00,39,0
2025-04-05,19:53:00,53,0
2025-04-05,20:00:00,69,1
2025-04-05,20:01:00,32,1
2025-04-05,20:01:00,16,1
2025-04-05,20:05:00,61,1
2025-04-05,20:08:00,57,1
2025-04-05,20:09:00,32,1
2025-04-05,20:15:00,37,1
2025-04-05,20:17:00,74,0
2025-04-05,20:18:00,33,1
2025-04-05,20:20:00,16,0
2025-04-05,20:20:00,19,1
2025-04-05,20:22:00,45,0
2025-04-05,20:24:00,43,1
2025-04-05,20:27:00,18,0
2025-04-05,20:27:00,16,1
2025-04-05,20:27:00,39,1
2025-04-05,20:27:00,79,1
2025-04-05,20:32:00,46,0
2025-04-05,20:35:00,22,1
2025-04-05,20:37:00,28,0
2025-04-05,20:38:00,46,1
2025-04-05,20:39:00,66,0
2025-04-05,20:40:00,42,0
2025-04-05,20:47:00,36,1
2025-04-05,20:47:00,23,1
2025-04-05,20:47:00,16,0
2025-04-05,20:48:00,37,0
2025-04-05,20:51:00,39,0
2025-04-05,20:53:00,71,0
2025-04-05,20:58:00,19,0
2025-04-06,09:01:00,18,0
2025-04-06,09:15:00,19,0
2025-04-06,09:19:00,35,1
2025-04-06,09:32:00,36,1
2025-04-06,09:55:00,35,1
2025-04-06,09:55:00,28,1
2025-04-06,10:07:00,17,1
2025-04-06,10:12:00,27,0
2025-04-06,10:22:00,47,1
2025-04-06,10:24:00,15,0
2025-04-06,10:24:00,27,0
2025-04-06,10:31:00,23,0
2025-04-06,10:41:00,59,1
2025-04-06,10:42:00,32,1
2025-04-06,10:45:00,33,0
2025-04-06,10:51:00,59,1
2025-04-06,10:52:00,41,0
2025-04-06,11:05:00,34,1
2025-04-06,11:12:00,38,0
2025-04-06,11:45:00,39,1
2025-04-06,12:09:00,39,0
2025-04-06,12:09:00,28,0
2025-04-06,12:17:00,51,0
2025-04-06,12:27:00,54,0
2025-04-06,12:44:00,37,1
2025-04-06,12:51:00,29,1
2025-04-06,12:59:00,28,1
2025-04-06,13:03:00,15,1
2025-04-06,13:08:00,55,1
2025-04-06,13:42:00,18,1
2025-04-06,13:46:00,28,1
2025-04-06,13:47:00,17,0
2025-04-06,13:48:00,28,1
2025-04-06,14:00:00,25,0
2025-04-06,14:10:00,17,1
2025-04-06,14:14:00,16,0
2025-04-06,14:25:00,33,1
2025-04-06,14:31:00,19,0
2025-04-06,14:48:00,57,0
2025-04-06,15:05:00,31,0
2025-04-06,15:28:00,16,1
2025-04-06,15:29:00,24,0
2025-04-06,15:30:00,35,1
2025-04-06,15:32:00,48,1
2025-04-06,15:44:00,29,1
2025-04-06,15:54:00,18,1
2025-04-06,16:05:00,49,1
2025-04-06,16:06:00,40,1
2025-04-06,16:11:00,18,1
2025-04-06,16:14:00,18,1
2025-04-06,16:24:00,19,0
2025-04-06,16:36:00,23,0
2025-04-06,16:40:00,16,1
2025-04-06,17:00:00,24,0
2025-04-06,17:00:00,33,0
2025-04-06,17:03:00,22,0
2025-04-06,17:06:00,39,0
2025-04-06,17:08:00,17,0
2025-04-06,17:11:00,59,0
2025-04-06,17:14:00,39,0
2025-04-06,17:15:00,16,0
2025-04-06,17:20:00,42,1
2025-04-06,17:23:00,19,1
2025-04-06,17:36:00,36,0
2025-04-06,17:38:00,31,0
2025-04-06,17:44:00,58,0
2025-04-06,17:54:00,28,0
2025-04-06,17:56:00,75,0
2025-04-06,18:14:00,53,1
2025-04-06,18:22:00,36,0
2025-04-06,18:22:00,45,1
2025-04-06,18:22:00,47,1
2025-04-06,18:24:00,49,1
2025-04-06,18:25:00,79,1
2025-04-06,18:31:00,35,1
2025-04-06,18:42:00,29,1
2025-04-06,18:44:00,19,1
2025-04-06,18:53:00,52,1
2025-04-06,18:54:00,32,1
2025-04-06,18:54:00,19,0
2025-04-06,18:59:00,33,0
2025-04-06,19:04:00,30,1
2025-04-06,19:07:00,35,1
2025-04-06,19:52:00,27,1
2025-04-06,20:05:00,37,0
2025-04-06,20:08:00,15,0
2025-04-06,20:10:00,19,1
2025-04-06,20:14:00,25,0
2025-04-06,20:21:00,19,0
2025-04-06,20:23:00,17,0
2025-04-06,20:47:00,45,1
2025-04-06,20:51:00,19,1
2025-04-07,09:00:00,39,0
2025-04-07,09:01:00,36,1
2025-04-07,09:02:00,71,0
2025-04-07,09:06:00,15,1
2025-04-07,09:12:00,30,0
2025-04-07,09:16:00,22,0
2025-04-07,09:34:00,28,1
2025-04-07,09:34:00,23,0
2025-04-07,09:36:00,29,0
2025-04-07,09:40:00,15,0
2025-04-07,09:41:00,44,0
2025-04-07,09:41:00,24,1
2025-04-07,09:42:00,30,0
2025-04-07,09:42:00,36,1
2025-04-07,09:47:00,54,0
2025-04-07,09:49:00,32,0
2025-04-07,09:50:00,18,1
2025-04-07,09:51:00,41,1
2025-04-07,09:53:00,34,1
2025-04-07,09:54:00,79,1
2025-04-07,09:56:00,47,1
2025-04-07,09:57:00,29,1
2025-04-07,09:59:00,46,0
2025-04-07,09:59:00,22,0
2025-04-07,10:02:00,58,0
2025-04-07,10:02:00,43,0
2025-04-07,10:09:00,34,0
2025-04-07,10:35:00,44,1
2025-04-07,10:47:00,32,1
2025-04-07,10:47:00,23,1
2025-04-07,11:00:00,37,0
2025-04-07,11:04:00,28,0
2025-04-07,11:11:00,36,0
2025-04-07,11:14:00,34,0
2025-04-07,11:14:00,22,0
2025-04-07,11:14:00,39,1
2025-04-07,11:22:00,19,0
2025-04-07,11:23:00,20,1
2025-04-07,11:25:00,23,0
2025-04-07,11:26:00,41,1
2025-04-07,11:26:00,32,1
2025-04-07,11:26:00,24,0
2025-04-07,11:27:00,28,0
2025-04-07,11:28:00,21,0
2025-04-07,11:33:00,20,0
2025-04-07,11:50:00,16,0
2025-04-07,11:51:00,24,0
2025-04-07,11:55:00,29,0
2025-04-07,11:58:00,23,0
2025-04-07,12:00:00,55,0
2025-04-07,12:00:00,68,1
2025-04-07,12:01:00,17,0
2025-04-07,12:01:00,25,0
2025-04-07,12:12:00,22,0
2025-04-07,12:12:00,27,0
2025-04-07,12:13:00,30,0
2025-04-07,12:13:00,18,1
2025-04-07,12:15:00,36,1
2025-04-07,12:17:00,34,0
2025-04-07,12:25:00,65,0
2025-04-07,12:31:00,45,0
2025-04-07,12:33:00,55,1
2025-04-07,12:34:00,26,1
2025-04-07,12:35:00,48,0
2025-04-07,12:38:00,31,0
2025-04-07,12:39:00,50,0
2025-04-07,12:43:00,22,0
2025-04-07,12:45:00,31,1
2025-04-07,12:45:00,28,0
2025-04-07,12:46:00,19,0
2025-04-07,12:46:00,55,0
2025-04-07,12:47:00,66,1
2025-04-07,12:55:00,17,1
2025-04-07,13:03:00,30,0
2025-04-07,13:10:00,50,1
2025-04-07,13:12:00,21,0
2025-04-07,13:14:00,45,0
2025-04-07,13:15:00,17,0
2025-04-07,13:16:00,36,0
2025-04-07,13:22:00,79,1
2025-04-07,13:23:00,46,0
2025-04-07,13:25:00,58,0
2025-04-07,13:25:00,45,1
2025-04-07,13:25:00,37,0
2025-04-07,13:32:00,17,0
2025-04-07,13:36:00,20,0
2025-04-07,13:36:00,63,0
2025-04-07,13:37:00,67,1
2025-04-07,13:37:00,37,0
2025-04-07,13:39:00,27,1
2025-04-07,13:40:00,18,1
2025-04-07,13:43:00,63,0
2025-04-07,13:44:00,40,1
2025-04-07,13:48:00,15,0
2025-04-07,13:51:00,33,0
2025-04-07,13:52:00,16,0
2025-04-07,13:54:00,15,0
2025-04-07,13:55:00,55,1
2025-04-07,13:56:00,36,0
2025-04-07,13:59:00,21,1
2025-04-07,14:01:00,51,1
2025-04-07,14:01:00,38,1
2025-04-07,14:14:00,59,0
2025-04-07,14:16:00,38,0
2025-04-07,14:16:00,16,0
2025-04-07,14:18:00,53,0
2025-04-07,14:22:00,39,0
2025-04-07,14:25:00,29,0
2025-04-07,14:26:00,28,1
2025-04-07,14:36:00,32,1
2025-04-07,14:44:00,38,1
2025-04-07,14:47:00,35,1
2025-04-07,14:51:00,33,0
2025-04-07,15:00:00,38,1
2025-04-07,15:04:00,36,0
2025-04-07,15:05:00,76,0
2025-04-07,15:07:00,31,0
2025-04-07,15:09:00,24,1
2025-04-07,15:11:00,73,1
2025-04-07,15:17:00,24,1
2025-04-07,15:22:00,34,1
2025-04-07,15:24:00,57,0
2025-04-07,15:25:00,72,1
2025-04-07,15:25:00,43,0
2025-04-07,15:26:00,37,1
2025-04-07,15:26:00,36,1
2025-04-07,15:27:00,40,1
2025-04-07,15:30:00,25,1
2025-04-07,15:33:00,23,0
2025-04-07,15:34:00,16,1
2025-04-07,15:37:00,29,1
2025-04-07,15:37:00,37,1
2025-04-07,15:39:00,38,0
2025-04-07,15:41:00,29,1
2025-04-07,15:47:00,58,0
2025-04-07,15:53:00,50,1
2025-04-07,15:55:00,79,0
2025-04-07,15:57:00,51,1
2025-04-07,15:59:00,16,1
2025-04-07,16:00:00,70,0
2025-04-07,16:01:00,18,0
2025-04-07,16:02:00,17,0
2025-04-07,16:03:00,18,0
2025-04-07,16:06:00,17,1
2025-04-07,16:08:00,36,1
2025-04-07,16:11:00,43,1
2025-04-07,16:16:00,37,0
2025-04-07,16:23:00,19,1
2025-04-07,16:25:00,31,1
2025-04-07,16:29:00,31,0
2025-04-07,16:31:00,68,0
2025-04-07,16:35:00,29,1
2025-04-07,16:38:00,16,0
2025-04-07,16:38:00,36,1
2025-04-07,16:42:00,31,0
2025-04-07,16:43:00,34,0
2025-04-07,16:46:00,33,1
2025-04-07,16:47:00,34,0
2025-04-07,16:48:00,18,0
2025-04-07,16:54:00,22,0
2025-04-07,16:57:00,46,0
2025-04-07,16:58:00,28,1
2025-04-07,17:01:00,28,0
2025-04-07,17:07:00,39,0
2025-04-07,17:11:00,32,1
2025-04-07,17:12:00,37,1
2025-04-07,17:13:00,58,0
2025-04-07,17:16:00,22,0
2025-04-07,17:21:00,44,1
2025-04-07,17:22:00,77,0
2025-04-07,17:27:00,72,0
2025-04-07,17:30:00,55,1
2025-04-07,17:32:00,35,0
2025-04-07,17:32:00,22,1
2025-04-07,17:42:00,77,0
2025-04-07,17:51:00,32,0
2025-04-07,17:52:00,39,0
2025-04-07,18:04:00,33,0
2025-04-07,18:28:00,37,1
2025-04-07,18:30:00,15,0
2025-04-07,18:44:00,30,0
2025-04-07,18:48:00,53,1
2025-04-07,18:57:00,22,0
2025-04-07,19:01:00,34,1
2025-04-07,19:03:00,52,1
2025-04-07,19:10:00,17,1
2025-04-07,19:18:00,36,0
2025-04-07,19:19:00,41,0
2025-04-07,19:19:00,22,1
2025-04-07,19:24:00,15,1
2025-04-07,19:29:00,25,1
2025-04-07,19:36:00,24,0
2025-04-07,19:43:00,21,0
2025-04-07,19:44:00,25,1
2025-04-07,19:46:00,34,0
2025-04-07,19:54:00,55,0
2025-04-07,19:59:00,18,1
2025-04-07,20:02:00,28,1
2025-04-07,20:05:00,36,1
2025-04-07,20:09:00,25,0
2025-04-07,20:10:00,43,1
2025-04-07,20:12:00,39,0
2025-04-07,20:14:00,30,0
2025-04-07,20:16:00,42,0
2025-04-07,20:18:00,35,0
2025-04-07,20:20:00,36,1
2025-04-07,20:21:00,58,1
2025-04-07,20:21:00,74,1
2025-04-07,20:23:00,20,0
2025-04-07,20:25:00,32,0
2025-04-07,20:27:00,16,1
2025-04-07,20:30:00,15,1
2025-04-07,20:32:00,32,1
2025-04-07,20:33:00,50,1
2025-04-07,20:34:00,47,1
2025-04-07,20:39:00,19,0
2025-04-07,20:43:00,15,0
2025-04-07,20:51:00,35,0
2025-04-07,20:51:00,37,1
2025-04-07,20:54:00,59,1
2025-04-07,20:55:00,41,1
2025-04-07,20:55:00,59,0
2025-04-07,20:59:00,28,0
2025-04-08,09:05:00,35,0
2025-04-08,09:06:00,26,0
2025-04-08,09:08:00,63,1
2025-04-08,09:19:00,31,0
2025-04-08,09:21:00,72,1
2025-04-08,09:23:00,16,0
2025-04-08,09:23:00,15,1
2025-04-08,09:27:00,58,0
2025-04-08,09:40:00,26,0
2025-04-08,09:49:00,29,1
2025-04-08,09:49:00,52,0
2025-04-08,10:01:00,24,1
2025-04-08,10:03:00,31,1
2025-04-08,10:05:00,25,1
2025-04-08,10:19:00,17,1
2025-04-08,10:20:00,58,1
2025-04-08,10:24:00,38,1
2025-04-08,10:25:00,39,1
2025-04-08,10:26:00,51,0
2025-04-08,10:30:00,25,0
2025-04-08,10:30:00,34,0
2025-04-08,10:33:00,17,0
2025-04-08,10:37:00,50,1
2025-04-08,10:38:00,26,0
2025-04-08,10:39:00,79,1
2025-04-08,10:52:00,25,1
2025-04-08,10:54:00,22,0
2025-04-08,10:54:00,22,0
2025-04-08,10:54:00,31,1
2025-04-08,11:00:00,29,0
2025-04-08,11:00:00,32,1
2025-04-08,11:06:00,22,0
2025-04-08,11:14:00,26,1
2025-04-08,11:16:00,15,1
2025-04-08,11:20:00,17,1
2025-04-08,11:23:00,25,0
2025-04-08,11:24:00,40,1
2025-04-08,11:25:00,34,0
2025-04-08,11:27:00,26,1
2025-04-08,11:38:00,27,0
2025-04-08,11:40:00,26,1
2025-04-08,11:43:00,23,1
2025-04-08,11:44:00,78,0
2025-04-08,11:53:00,49,0
2025-04-08,11:56:00,18,1
2025-04-08,11:56:00,20,0
2025-04-08,11:58:00,50,1
2025-04-08,12:04:00,22,0
2025-04-08,12:06:00,26,0
2025-04-08,12:07:00,48,0
2025-04-08,12:08:00,34,1
2025-04-08,12:11:00,52,0
2025-04-08,12:13:00,37,0
2025-04-08,12:13:00,18,0
2025-04-08,12:14:00,16,1
2025-04-08,12:17:00,61,1
2025-04-08,12:22:00,58,1
2025-04-08,12:28:00,27,0
2025-04-08,12:30:00,23,0
2025-04-08,12:32:00,34,0
2025-04-08,12:37:00,38,1
2025-04-08,12:38:00,24,0
2025-04-08,12:42:00,53,0
2025-04-08,12:45:00,67,1
2025-04-08,12:49:00,57,1
2025-04-08,12:55:00,32,0
2025-04-08,12:55:00,16,1
2025-04-08,12:56:00,22,1
2025-04-08,12:57:00,51,0
2025-04-08,13:00:00,34,1
2025-04-08,13:00:00,29,0
2025-04-08,13:02:00,30,0
2025-04-08,13:03:00,37,0
2025-04-08,13:15:00,28,0
2025-04-08,13:16:00,61,0
2025-04-08,13:19:00,35,0
2025-04-08,13:23:00,19,0
2025-04-08,13:31:00,59,1
2025-04-08,13:41:00,16,1
2025-04-08,13:42:00,38,1
2025-04-08,13:42:00,20,1
2025-04-08,13:43:00,15,0
2025-04-08,13:45:00,38,0
2025-04-08,13:53:00,44,0
2025-04-08,13:56:00,16,0
2025-04-08,14:07:00,49,1
2025-04-08,14:10:00,72,0
2025-04-08,14:19:00,31,0
2025-04-08,14:27:00,21,0
2025-04-08,14:28:00,62,1
2025-04-08,14:35:00,52,1
2025-04-08,14:36:00,31,1
2025-04-08,14:36:00,22,0
2025-04-08,14:37:00,18,0
2025-04-08,14:39:00,23,0
2025-04-08,14:41:00,32,1
2025-04-08,14:44:00,52,1
2025-04-08,14:55:00,19,0
2025-04-08,15:00:00,78,1
2025-04-08,15:04:00,27,1
2025-04-08,15:05:00,18,0
2025-04-08,15:05:00,17,0
2025-04-08,15:06:00,30,0
2025-04-08,15:10:00,15,1
2025-04-08,15:10:00,29,1
2025-04-08,15:12:00,28,1
2025-04-08,15:13:00,17,0
2025-04-08,15:15:00,20,0
2025-04-08,15:19:00,23,1
2025-04-08,15:22:00,36,0
2025-04-08,15:25:00,36,0
2025-04-08,15:27:00,34,1
2025-04-08,15:31:00,29,1
2025-04-08,15:37:00,18,0
2025-04-08,15:39:00,38,1
2025-04-08,15:43:00,34,1
2025-04-08,15:43:00,53,0
2025-04-08,15:47:00,37,1
2025-04-08,15:48:00,29,1
2025-04-08,15:51:00,40,1
2025-04-08,15:51:00,31,1
2025-04-08,15:52:00,57,1
2025-04-08,15:55:00,52,1
2025-04-08,15:57:00,21,1
2025-04-08,16:01:00,27,0
2025-04-08,16:03:00,26,1
2025-04-08,16:04:00,34,0
2025-04-08,16:04:00,18,1
2025-04-08,16:04:00,49,1
2025-04-08,16:08:00,38,1
2025-04-08,16:11:00,33,0
2025-04-08,16:14:00,26,0
2025-04-08,16:15:00,38,0
2025-04-08,16:16:00,23,0
2025-04-08,16:17:00,18,1
2025-04-08,16:21:00,29,1
2025-04-08,16:22:00,18,1
2025-04-08,16:22:00,19,0
2025-04-08,16:22:00,43,0
2025-04-08,16:28:00,15,0
2025-04-08,16:30:00,54,0
2025-04-08,16:35:00,29,1
2025-04-08,16:35:00,26,1
2025-04-08,16:37:00,27,1
2025-04-08,16:38:00,29,1
2025-04-08,16:41:00,57,0
2025-04-08,16:41:00,21,0
2025-04-08,16:43:00,35,1
2025-04-08,16:43:00,23,0
2025-04-08,16:47:00,26,0
2025-04-08,16:47:00,60,0
2025-04-08,16:54:00,58,1
2025-04-08,16:57:00,20,1
2025-04-08,16:59:00,35,0
2025-04-08,17:06:00,21,1
2025-04-08,17:26:00,20,1
2025-04-08,17:36:00,30,0
2025-04-08,17:40:00,17,1
2025-04-08,17:43:00,36,1
2025-04-08,17:48:00,24,0
2025-04-08,17:50:00,29,1
2025-04-08,17:57:00,29,0
2025-04-08,18:00:00,22,0
2025-04-08,18:03:00,53,0
2025-04-08,18:04:00,19,0
2025-04-08,18:06:00,58,0
2025-04-08,18:13:00,33,1
2025-04-08,18:16:00,16,1
2025-04-08,18:25:00,37,0
2025-04-08,18:26:00,28,0
2025-04-08,18:26:00,20,1
2025-04-08,18:30:00,44,1
2025-04-08,18:40:00,34,1
2025-04-08,18:41:00,21,1
2025-04-08,18:43:00,34,1
2025-04-08,18:45:00,79,0
2025-04-08,18:46:00,28,1
2025-04-08,18:46:00,36,0
2025-04-08,18:47:00,26,0
2025-04-08,18:49:00,22,1
2025-04-08,18:51:00,19,0
2025-04-08,18:52:00,68,0
2025-04-08,18:57:00,39,1
2025-04-08,19:00:00,47,0
2025-04-08,19:00:00,44,0
2025-04-08,19:01:00,40,1
2025-04-08,19:04:00,32,0
2025-04-08,19:06:00,58,0
2025-04-08,19:07:00,29,0
2025-04-08,19:08:00,43,0
2025-04-08,19:08:00,31,1
2025-04-08,19:08:00,48,0
2025-04-08,19:08:00,22,1
2025-04-08,19:10:00,17,0
2025-04-08,19:12:00,16,1
2025-04-08,19:13:00,37,0
2025-04-08,19:14:00,23,0
2025-04-08,19:16:00,33,0
2025-04-08,19:16:00,18,1
2025-04-08,19:20:00,23,0
2025-04-08,19:30:00,17,0
2025-04-08,19:31:00,46,1
2025-04-08,19:40:00,44,0
2025-04-08,19:41:00,34,0
2025-04-08,19:46:00,24,1
2025-04-08,19:49:00,77,1
2025-04-08,19:50:00,33,0
2025-04-08,19:51:00,39,1
2025-04-08,19:53:00,22,1
2025-04-08,20:00:00,37,0
2025-04-08,20:03:00,78,1
2025-04-08,20:05:00,23,1
2025-04-08,20:08:00,31,1
2025-04-08,20:12:00,19,0
2025-04-08,20:17:00,35,1
2025-04-08,20:17:00,21,0
2025-04-08,20:21:00,18,0
2025-04-08,20:24:00,16,0
2025-04-08,20:25:00,20,0
2025-04-08,20:28:00,27,0
2025-04-08,20:29:00,34,0
2025-04-08,20:29:00,26,0
2025-04-08,20:32:00,33,0
2025-04-08,20:32:00,29,1
2025-04-08,20:34:00,36,0
2025-04-08,20:35:00,28,1
2025-04-08,20:35:00,45,1
2025-04-08,20:35:00,19,0
2025-04-08,20:39:00,61,0
2025-04-08,20:42:00,57,1
2025-04-08,20:43:00,41,0
2025-04-08,20:43:00,71,0
2025-04-08,20:45:00,27,0
2025-04-08,20:46:00,15,1
2025-04-08,20:46:00,27,0
2025-04-08,20:50:00,18,0
2025-04-08,20:52:00,29,1
2025-04-08,20:54:00,27,0
2025-04-08,20:57:00,16,1
2025-04-09,09:07:00,36,0
2025-04-09,09:17:00,28,0
2025-04-09,09:17:00,29,1
2025-04-09,09:43:00,19,1
2025-04-09,09:45:00,19,0
2025-04-09,09:50:00,24,0
2025-04-09,09:55:00,24,0
2025-04-09,10:02:00,20,1
2025-04-09,10:05:00,38,1
2025-04-09,10:09:00,41,0
2025-04-09,10:13:00,18,0
2025-04-09,10:13:00,69,1
2025-04-09,10:18:00,25,0
2025-04-09,10:18:00,28,0
2025-04-09,10:31:00,50,0
2025-04-09,10:31:00,20,1
2025-04-09,10:44:00,35,0
2025-04-09,10:48:00,40,0
2025-04-09,10:51:00,62,1
2025-04-09,11:01:00,38,1
2025-04-09,11:04:00,53,0
2025-04-09,11:04:00,22,1
2025-04-09,11:07:00,35,0
2025-04-09,11:08:00,35,1
2025-04-09,11:12:00,66,0
2025-04-09,11:18:00,21,1
2025-04-09,11:25:00,35,1
2025-04-09,11:27:00,19,0
2025-04-09,11:27:00,24,0
2025-04-09,11:34:00,21,0
2025-04-09,11:36:00,26,0
2025-04-09,11:39:00,52,1
2025-04-09,11:40:00,30,0
2025-04-09,11:43:00,33,0
2025-04-09,11:45:00,46,1
2025-04-09,11:48:00,26,1
2025-04-09,11:49:00,27,0
2025-04-09,11:55:00,17,0
2025-04-09,11:57:00,45,0
2025-04-09,12:09:00,39,0
2025-04-09,12:11:00,45,1
2025-04-09,12:18:00,27,1
2025-04-09,12:20:00,58,0
2025-04-09,12:32:00,26,0
2025-04-09,12:33:00,32,0
2025-04-09,12:38:00,31,1
2025-04-09,12:49:00,32,1
2025-04-09,12:59:00,27,1
2025-04-09,13:00:00,35,0
2025-04-09,13:00:00,25,0
2025-04-09,13:02:00,18,0
2025-04-09,13:04:00,47,0
2025-04-09,13:05:00,35,0
2025-04-09,13:09:00,35,1
2025-04-09,13:12:00,21,1
2025-04-09,13:12:00,37,0
2025-04-09,13:12:00,18,1
2025-04-09,13:16:00,35,1
2025-04-09,13:18:00,27,0
2025-04-09,13:24:00,26,1
2025-04-09,13:38:00,39,1
2025-04-09,13:44:00,75,1
2025-04-09,13:47:00,32,0
2025-04-09,13:48:00,16,1
2025-04-09,13:52:00,22,1
2025-04-09,13:54:00,41,0
2025-04-09,14:00:00,24,0
2025-04-09,14:08:00,45,1
2025-04-09,14:09:00,32,0
2025-04-09,14:16:00,27,0
2025-04-09,14:20:00,23,0
2025-04-09,14:22:00,17,1
2025-04-09,14:25:00,25,1
2025-04-09,14:29:00,61,1
2025-04-09,14:33:00,37,0
2025-04-09,14:37:00,48,0
2025-04-09,14:41:00,49,0
2025-04-09,14:50:00,20,1
2025-04-09,14:50:00,19,0
2025-04-09,14:51:00,34,0
2025-04-09,14:52:00,25,0
2025-04-09,15:04:00,28,1
2025-04-09,15:20:00,15,0
2025-04-09,15:21:00,16,1
2025-04-09,15:28:00,15,1
2025-04-09,15:31:00,15,0
2025-04-09,15:48:00,34,1
2025-04-09,15:51:00,18,1
2025-04-09,15:51:00,29,1
2025-04-09,15:58:00,48,1
2025-04-09,16:11:00,15,0
2025-04-09,16:13:00,28,1
2025-04-09,16:14:00,51,0
2025-04-09,16:24:00,27,1
2025-04-09,16:25:00,31,0
2025-04-09,16:51:00,44,0
2025-04-09,16:57:00,28,1
2025-04-09,17:08:00,15,0
2025-04-09,17:16:00,56,0
2025-04-09,17:18:00,36,0
2025-04-09,17:19:00,16,1
2025-04-09,17:23:00,33,0
2025-04-09,17:33:00,17,1
2025-04-09,17:42:00,16,0
2025-04-09,17:46:00,54,1
2025-04-09,17:54:00,30,0
2025-04-09,17:54:00,59,1
2025-04-09,18:07:00,43,1
2025-04-09,18:07:00,47,0
2025-04-09,18:08:00,54,1
2025-04-09,18:15:00,34,0
2025-04-09,18:21:00,35,1
2025-04-09,18:22:00,19,0
2025-04-09,18:26:00,44,1
2025-04-09,18:26:00,35,0
2025-04-09,18:28:00,19,0
2025-04-09,18:28:00,19,1
2025-04-09,18:50:00,37,1
2025-04-09,18:51:00,33,0
2025-04-09,18:55:00,29,0
2025-04-09,18:55:00,32,0
2025-04-09,18:58:00,31,0
2025-04-09,18:59:00,29,0
2025-04-09,19:13:00,16,0
2025-04-09,19:15:00,20,0
2025-04-09,19:18:00,18,0
2025-04-09,19:35:00,23,0
2025-04-09,19:40:00,34,1
2025-04-09,19:42:00,28,0
2025-04-09,19:54:00,16,1
2025-04-09,20:04:00,25,1
2025-04-09,20:06:00,21,0
2025-04-09,20:08:00,28,0
2025-04-09,20:11:00,15,0
2025-04-09,20:11:00,25,0
2025-04-09,20:15:00,28,0
2025-04-09,20:15:00,56,1
2025-04-09,20:18:00,32,1
2025-04-09,20:21:00,31,0
2025-04-09,20:22:00,34,1
2025-04-09,20:23:00,16,1
2025-04-09,20:26:00,24,0
2025-04-09,20:34:00,57,1
2025-04-09,20:38:00,15,1
2025-04-09,20:38:00,63,1
2025-04-09,20:46:00,20,0
2025-04-09,20:54:00,37,1
2025-04-09,20:57:00,32,0
2025-04-09,20:57:00,58,1
2025-04-10,09:02:00,24,1
2025-04-10,09:04:00,48,1
2025-04-10,09:05:00,24,1
2025-04-10,09:10:00,39,0
2025-04-10,09:12:00,50,0
2025-04-10,09:20:00,19,0
2025-04-10,09:20:00,25,0
2025-04-10,09:21:00,38,0
2025-04-10,09:21:00,39,1
2025-04-10,09:22:00,34,0
2025-04-10,09:23:00,18,1
2025-04-10,09:29:00,35,0
2025-04-10,09:43:00,44,0
2025-04-10,09:44:00,32,0
2025-04-10,09:44:00,31,1
2025-04-10,09:48:00,26,1
2025-04-10,09:51:00,29,0
2025-04-10,09:57:00,24,0
2025-04-10,09:59:00,30,0
2025-04-10,10:03:00,18,0
2025-04-10,10:04:00,55,1
2025-04-10,10:04:00,50,0
2025-04-10,10:11:00,26,0
2025-04-10,10:16:00,33,0
2025-04-10,10:17:00,39,1
2025-04-10,10:17:00,61,0
2025-04-10,10:22:00,47,1
2025-04-10,10:25:00,31,1
2025-04-10,10:26:00,41,0
2025-04-10,10:27:00,16,0
2025-04-10,10:28:00,28,0
2025-04-10,10:30:00,30,0
2025-04-10,10:33:00,26,1
2025-04-10,10:34:00,16,0
2025-04-10,10:43:00,21,1
2025-04-10,10:47:00,17,0
2025-04-10,10:47:00,43,1
2025-04-10,10:48:00,51,0
2025-04-10,10:51:00,36,0
2025-04-10,10:53:00,47,1
2025-04-10,10:55:00,55,1
2025-04-10,10:59:00,35,0
2025-04-10,11:00:00,31,0
2025-04-10,11:01:00,31,0
2025-04-10,11:04:00,22,0
2025-04-10,11:04:00,18,1
2025-04-10,11:14:00,24,1
2025-04-10,11:16:00,40,1
2025-04-10,11:17:00,55,0
2025-04-10,11:19:00,50,0
2025-04-10,11:20:00,16,1
2025-04-10,11:20:00,19,1
2025-04-10,11:24:00,32,0
2025-04-10,11:27:00,38,1
2025-04-10,11:32:00,39,0
2025-04-10,11:33:00,30,1
2025-04-10,11:37:00,31,1
2025-04-10,11:38:00,38,1
2025-04-10,11:39:00,44,0
2025-04-10,11:46:00,33,0
2025-04-10,12:02:00,52,0
2025-04-10,12:15:00,22,0
2025-04-10,12:17:00,20,0
2025-04-10,12:24:00,22,1
2025-04-10,12:30:00,25,1
2025-04-10,12:43:00,32,0
2025-04-10,12:45:00,19,1
2025-04-10,12:46:00,75,0
2025-04-10,12:50:00,25,1
2025-04-10,12:50:00,77,1
2025-04-10,13:04:00,46,1
2025-04-10,13:12:00,42,0
2025-04-10,13:21:00,38,0
2025-04-10,13:23:00,23,0
2025-04-10,13:47:00,38,0
2025-04-10,13:49:00,18,0
2025-04-10,14:01:00,18,1
2025-04-10,14:04:00,29,0
2025-04-10,14:15:00,51,0
2025-04-10,14:24:00,20,0
2025-04-10,14:24:00,19,0
2025-04-10,14:26:00,67,1
2025-04-10,14:28:00,27,1
2025-04-10,14:33:00,35,1
2025-04-10,14:35:00,67,0
2025-04-10,14:38:00,28,1
2025-04-10,14:42:00,16,1
2025-04-10,14:43:00,17,0
2025-04-10,14:46:00,69,1
2025-04-10,14:46:00,23,1
2025-04-10,14:47:00,48,0
2025-04-10,14:55:00,25,1
2025-04-10,14:59:00,49,0
2025-04-10,15:04:00,19,1
2025-04-10,15:07:00,28,1
2025-04-10,15:08:00,18,0
2025-04-10,15:09:00,39,1
2025-04-10,15:10:00,17,0
2025-04-10,15:20:00,79,0
2025-04-10,15:21:00,17,0
2025-04-10,15:24:00,21,0
2025-04-10,15:40:00,36,1
2025-04-10,15:46:00,23,1
2025-04-10,15:51:00,38,0
2025-04-10,15:52:00,49,0
2025-04-10,15:59:00,33,0
2025-04-10,16:04:00,52,0
2025-04-10,16:04:00,16,0
2025-04-10,16:05:00,59,0
2025-04-10,16:07:00,45,0
2025-04-10,16:17:00,28,1
2025-04-10,16:25:00,15,0
2025-04-10,16:26:00,30,0
2025-04-10,16:35:00,38,1
2025-04-10,16:35:00,45,0
2025-04-10,16:37:00,36,0
2025-04-10,16:39:00,37,1
2025-04-10,16:39:00,18,1
2025-04-10,16:46:00,28,0
2025-04-10,16:50:00,32,1
2025-04-10,16:53:00,17,1
2025-04-10,17:00:00,20,0
2025-04-10,17:01:00,39,0
2025-04-10,17:02:00,32,0
2025-04-10,17:04:00,19,0
2025-04-10,17:07:00,39,0
2025-04-10,17:10:00,19,1
2025-04-10,17:11:00,30,1
2025-04-10,17:14:00,15,0
2025-04-10,17:16:00,19,1
2025-04-10,17:17:00,75,1
2025-04-10,17:18:00,26,0
2025-04-10,17:19:00,53,0
2025-04-10,17:31:00,32,1
2025-04-10,17:38:00,31,0
2025-04-10,17:39:00,35,0
2025-04-10,17:40:00,17,0
2025-04-10,17:44:00,32,1
2025-04-10,17:45:00,41,0
2025-04-10,17:45:00,19,0
2025-04-10,17:54:00,32,0
2025-04-10,17:59:00,22,1
2025-04-10,18:07:00,29,0
2025-04-10,18:09:00,37,0
2025-04-10,18:09:00,19,0
2025-04-10,18:11:00,53,0
2025-04-10,18:15:00,39,1
2025-04-10,18:15:00,33,0
2025-04-10,18:21:00,21,1
2025-04-10,18:37:00,15,1
2025-04-10,18:48:00,36,0
2025-04-10,19:01:00,32,0
2025-04-10,19:05:00,55,1
2025-04-10,19:09:00,24,0
2025-04-10,19:15:00,28,0
2025-04-10,19:17:00,57,0
2025-04-10,19:18:00,67,0
2025-04-10,19:30:00,36,1
2025-04-10,19:39:00,51,1
2025-04-10,19:44:00,36,0
2025-04-10,19:45:00,33,0
2025-04-10,19:52:00,37,0
2025-04-10,20:11:00,56,1
2025-04-10,20:17:00,33,0
2025-04-10,20:39:00,25,0
2025-04-10,20:51:00,57,1
2025-04-10,20:53:00,33,1
2025-04-11,09:01:00,37,1
2025-04-11,09:03:00,32,0
2025-04-11,09:05:00,56,1
2025-04-11,09:12:00,32,1
2025-04-11,09:19:00,34,0
2025-04-11,09:31:00,46,1
2025-04-11,09:35:00,33,0
2025-04-11,09:43:00,31,0
2025-04-11,09:46:00,38,0
2025-04-11,09:52:00,27,1
2025-04-11,09:53:00,20,0
2025-04-11,10:03:00,22,1
2025-04-11,10:03:00,67,1
2025-04-11,10:04:00,53,0
2025-04-11,10:07:00,31,0
2025-04-11,10:10:00,39,0
2025-04-11,10:12:00,34,0
2025-04-11,10:14:00,71,1
2025-04-11,10:14:00,79,1
2025-04-11,10:33:00,18,1
2025-04-11,10:36:00,37,1
2025-04-11,10:44:00,42,1
2025-04-11,10:45:00,58,0
2025-04-11,11:03:00,22,1
2025-04-11,11:09:00,39,1
2025-04-11,11:11:00,36,1
2025-04-11,11:16:00,22,0
2025-04-11,11:24:00,42,0
2025-04-11,11:25:00,33,1
2025-04-11,11:26:00,34,1
2025-04-11,11:29:00,34,1
2025-04-11,11:31:00,28,0
2025-04-11,11:32:00,34,0
2025-04-11,11:34:00,41,0
2025-04-11,11:35:00,59,0
2025-04-11,11:36:00,21,1
2025-04-11,11:39:00,51,1
2025-04-11,11:44:00,27,0
2025-04-11,11:50:00,47,0
2025-04-11,11:58:00,70,0
2025-04-11,12:01:00,28,0
2025-04-11,12:02:00,22,0
2025-04-11,12:03:00,19,0
2025-04-11,12:13:00,26,1
2025-04-11,12:21:00,47,1
2025-04-11,12:23:00,31,0
2025-04-11,12:26:00,23,0
2025-04-11,12:27:00,22,0
2025-04-11,12:29:00,18,1
2025-04-11,12:32:00,36,1
2025-04-11,12:34:00,57,0
2025-04-11,12:38:00,23,0
2025-04-11,12:45:00,77,1
2025-04-11,12:58:00,61,1
2025-04-11,13:07:00,38,0
2025-04-11,13:07:00,40,1
2025-04-11,13:07:00,56,1
2025-04-11,13:15:00,34,1
2025-04-11,13:16:00,36,1
2025-04-11,13:17:00,30,1
2025-04-11,13:18:00,15,1
2025-04-11,13:19:00,21,1
2025-04-11,13:25:00,20,0
2025-04-11,13:30:00,34,1
2025-04-11,13:32:00,48,1
2025-04-11,13:38:00,66,0
2025-04-11,13:40:00,23,0
2025-04-11,13:44:00,57,1
2025-04-11,13:47:00,34,1
2025-04-11,13:48:00,39,1
2025-04-11,13:49:00,35,0
2025-04-11,14:03:00,40,1
2025-04-11,14:06:00,18,1
2025-04-11,14:18:00,31,1
2025-04-11,14:36:00,29,1
2025-04-11,14:36:00,39,1
2025-04-11,14:40:00,15,1
2025-04-11,14:42:00,63,0
2025-04-11,14:47:00,72,0
2025-04-11,14:48:00,37,0
2025-04-11,14:53:00,18,1
2025-04-11,14:59:00,68,1
2025-04-11,15:01:00,38,0
2025-04-11,15:03:00,46,0
2025-04-11,15:17:00,19,1
2025-04-11,15:20:00,43,1
2025-04-11,15:29:00,18,1
2025-04-11,15:33:00,29,0
2025-04-11,15:49:00,76,1
2025-04-11,15:52:00,73,0
2025-04-11,15:55:00,15,0
2025-04-11,15:56:00,58,1
2025-04-11,15:58:00,29,0
2025-04-11,15:59:00,31,0
2025-04-11,16:02:00,20,0
2025-04-11,16:02:00,34,1
2025-04-11,16:06:00,19,0
2025-04-11,16:15:00,18,0
2025-04-11,16:20:00,67,1
2025-04-11,16:21:00,57,0
2025-04-11,16:26:00,52,1
2025-04-11,16:30:00,40,0
2025-04-11,16:32:00,25,0
2025-04-11,16:46:00,41,0
2025-04-11,16:50:00,40,1
2025-04-11,16:54:00,46,0
2025-04-11,17:04:00,19,0
2025-04-11,17:09:00,32,1
2025-04-11,17:11:00,32,0
2025-04-11,17:15:00,46,1
2025-04-11,17:18:00,49,1
2025-04-11,17:19:00,61,0
2025-04-11,17:19:00,32,1
2025-04-11,17:21:00,32,1
2025-04-11,17:22:00,20,1
2025-04-11,17:23:00,28,1
2025-04-11,17:25:00,26,0
2025-04-11,17:28:00,35,0
2025-04-11,17:32:00,19,1
2025-04-11,17:36:00,31,1
2025-04-11,17:38:00,37,1
2025-04-11,17:42:00,27,0
2025-04-11,17:48:00,72,0
2025-04-11,17:50:00,21,0
2025-04-11,17:51:00,21,0
2025-04-11,17:54:00,21,0
2025-04-11,17:56:00,41,1
2025-04-11,18:04:00,20,1
2025-04-11,18:08:00,51,1
2025-04-11,18:24:00,31,0
2025-04-11,18:28:00,56,0
2025-04-11,18:30:00,16,1
2025-04-11,18:32:00,46,0
2025-04-11,18:38:00,50,0
2025-04-11,18:40:00,15,1
2025-04-11,18:40:00,37,1
2025-04-11,18:43:00,17,0
2025-04-11,18:45:00,79,1
2025-04-11,18:47:00,36,0
2025-04-11,18:49:00,52,1
2025-04-11,18:52:00,31,0
2025-04-11,18:55:00,21,0
2025-04-11,18:56:00,33,0
2025-04-11,18:57:00,19,0
2025-04-11,19:01:00,21,1
2025-04-11,19:01:00,18,0
2025-04-11,19:08:00,21,1
2025-04-11,19:08:00,35,1
2025-04-11,19:18:00,38,0
2025-04-11,19:20:00,27,1
2025-04-11,19:22:00,33,0
2025-04-11,19:23:00,27,0
2025-04-11,19:29:00,30,0
2025-04-11,19:33:00,24,1
2025-04-11,19:34:00,37,0
2025-04-11,19:35:00,15,1
2025-04-11,19:38:00,39,1
2025-04-11,19:39:00,30,0
2025-04-11,19:39:00,59,0
2025-04-11,19:43:00,38,1
2025-04-11,19:43:00,15,1
2025-04-11,19:43:00,36,1
2025-04-11,19:47:00,28,1
2025-04-11,19:48:00,48,0
2025-04-11,19:48:00,25,1
2025-04-11,19:48:00,28,1
2025-04-11,19:52:00,44,1
2025-04-11,19:53:00,33,1
2025-04-11,19:58:00,18,0
2025-04-11,20:00:00,26,0
2025-04-11,20:07:00,33,0
2025-04-11,20:07:00,34,0
2025-04-11,20:10:00,60,0
2025-04-11,20:14:00,34,0
2025-04-11,20:16:00,60,1
2025-04-11,20:16:00,47,0
2025-04-11,20:21:00,41,1
2025-04-11,20:21:00,34,0
2025-04-11,20:23:00,34,1
2025-04-11,20:27:00,16,1
2025-04-11,20:29:00,24,0
2025-04-11,20:31:00,37,0
2025-04-11,20:33:00,21,1
2025-04-11,20:33:00,32,0
2025-04-11,20:33:00,16,1
2025-04-11,20:34:00,38,0
2025-04-11,20:39:00,38,1
2025-04-11,20:40:00,16,0
2025-04-11,20:42:00,21,0
2025-04-11,20:42:00,38,0
2025-04-11,20:44:00,21,0
2025-04-11,20:44:00,18,0
2025-04-11,20:45:00,17,0
2025-04-11,20:49:00,38,0
2025-04-11,20:55:00,31,1
2025-04-11,20:56:00,28,0
2025-04-11,20:59:00,16,0
2025-04-12,09:05:00,25,0
2025-04-12,09:07:00,27,1
2025-04-12,09:11:00,65,1
2025-04-12,09:16:00,21,0
2025-04-12,09:17:00,31,1
2025-04-12,09:28:00,39,0
2025-04-12,09:33:00,16,0
2025-04-12,09:36:00,42,1
2025-04-12,09:39:00,39,1
2025-04-12,09:40:00,25,0
2025-04-12,09:42:00,28,1
2025-04-12,09:47:00,21,1
2025-04-12,09:49:00,18,1
2025-04-12,09:56:00,15,0
2025-04-12,10:00:00,61,1
2025-04-12,10:01:00,75,1
2025-04-12,10:05:00,37,1
2025-04-12,10:06:00,19,0
2025-04-12,10:11:00,31,0
2025-04-12,10:15:00,20,0
2025-04-12,10:19:00,40,1
2025-04-12,10:22:00,22,0
2025-04-12,10:24:00,25,0
2025-04-12,10:26:00,30,1
2025-04-12,10:30:00,27,1
2025-04-12,10:31:00,27,1
2025-04-12,10:32:00,28,1
2025-04-12,10:32:00,46,1
2025-04-12,10:33:00,15,1
2025-04-12,10:33:00,32,1
2025-04-12,10:34:00,28,1
2025-04-12,10:35:00,15,1
2025-04-12,10:44:00,53,1
2025-04-12,10:46:00,25,0
2025-04-12,10:48:00,22,0
2025-04-12,10:48:00,18,1
2025-04-12,10:56:00,22,0
2025-04-12,11:00:00,29,1
2025-04-12,11:01:00,18,0
2025-04-12,11:02:00,34,0
2025-04-12,11:02:00,39,1
2025-04-12,11:14:00,29,1
2025-04-12,11:25:00,24,1
2025-04-12,11:29:00,23,0
2025-04-12,11:43:00,42,0
2025-04-12,11:49:00,36,1
2025-04-12,11:53:00,47,0
2025-04-12,11:54:00,43,0
2025-04-12,11:55:00,26,0
2025-04-12,12:03:00,22,0
2025-04-12,12:05:00,25,0
2025-04-12,12:07:00,21,1
2025-04-12,12:11:00,20,0
2025-04-12,12:16:00,34,0
2025-04-12,12:23:00,20,1
2025-04-12,12:25:00,22,0
2025-04-12,12:28:00,22,0
2025-04-12,12:28:00,24,0
2025-04-12,12:29:00,15,1
2025-04-12,12:33:00,22,1
2025-04-12,12:35:00,33,0
2025-04-12,12:36:00,63,1
2025-04-12,12:36:00,20,0
2025-04-12,12:39:00,33,1
2025-04-12,12:39:00,33,0
2025-04-12,12:40:00,66,0
2025-04-12,12:42:00,23,0
2025-04-12,12:42:00,40,1
2025-04-12,12:43:00,56,1
2025-04-12,12:47:00,26,0
2025-04-12,12:48:00,24,1
2025-04-12,12:50:00,33,0
2025-04-12,12:50:00,24,0
2025-04-12,12:52:00,18,0
2025-04-12,12:54:00,28,0
2025-04-12,12:55:00,59,1
2025-04-12,12:56:00,72,1
2025-04-12,13:06:00,58,0
2025-04-12,13:07:00,16,0
2025-04-12,13:11:00,59,0
2025-04-12,13:16:00,17,0
2025-04-12,13:17:00,27,0
2025-04-12,13:21:00,27,0
2025-04-12,13:29:00,28,1
2025-04-12,13:30:00,39,1
2025-04-12,14:00:00,23,1
2025-04-12,14:05:00,26,0
2025-04-12,14:05:00,30,0
2025-04-12,14:06:00,51,0
2025-04-12,14:07:00,30,0
2025-04-12,14:08:00,57,1
2025-04-12,14:10:00,24,0
2025-04-12,14:11:00,26,1
2025-04-12,14:15:00,76,1
2025-04-12,14:17:00,75,1
2025-04-12,14:19:00,28,0
2025-04-12,14:20:00,28,1
2025-04-12,14:20:00,26,0
2025-04-12,14:24:00,19,1
2025-04-12,14:25:00,33,0
2025-04-12,14:26:00,29,0
2025-04-12,14:28:00,35,1
2025-04-12,14:29:00,19,0
2025-04-12,14:31:00,59,0
2025-04-12,14:38:00,21,0
2025-04-12,14:41:00,22,0
2025-04-12,14:41:00,37,0
2025-04-12,14:47:00,15,0
2025-04-12,14:48:00,36,0
2025-04-12,14:49:00,37,1
2025-04-12,14:50:00,49,0
2025-04-12,14:52:00,30,1
2025-04-12,14:52:00,22,0
2025-04-12,14:52:00,23,1
2025-04-12,14:55:00,21,0
2025-04-12,14:56:00,30,1
2025-04-12,14:58:00,19,0
2025-04-12,15:02:00,18,1
2025-04-12,15:12:00,23,1
2025-04-12,15:12:00,35,0
2025-04-12,15:31:00,38,1
2025-04-12,15:52:00,54,0
2025-04-12,15:55:00,54,0
2025-04-12,16:02:00,30,1
2025-04-12,16:03:00,22,1
2025-04-12,16:05:00,17,1
2025-04-12,16:07:00,36,0
2025-04-12,16:08:00,17,1
2025-04-12,16:12:00,38,0
2025-04-12,16:12:00,27,0
2025-04-12,16:15:00,24,0
2025-04-12,16:16:00,22,0
2025-04-12,16:18:00,16,0
2025-04-12,16:18:00,34,1
2025-04-12,16:18:00,48,0
2025-04-12,16:19:00,32,0
2025-04-12,16:19:00,39,1
2025-04-12,16:22:00,72,0
2025-04-12,16:27:00,28,0
2025-04-12,16:28:00,17,1
2025-04-12,16:28:00,37,0
2025-04-12,16:30:00,24,0
2025-04-12,16:31:00,32,1
2025-04-12,16:32:00,33,0
2025-04-12,16:44:00,58,0
2025-04-12,16:47:00,54,1
2025-04-12,16:51:00,45,0
2025-04-12,16:55:00,45,1
2025-04-12,16:58:00,54,1
2025-04-12,16:59:00,57,1
2025-04-12,17:00:00,17,0
2025-04-12,17:01:00,15,1
2025-04-12,17:01:00,15,0
2025-04-12,17:03:00,25,1
2025-04-12,17:05:00,43,1
2025-04-12,17:05:00,28,1
2025-04-12,17:07:00,33,0
2025-04-12,17:09:00,39,0
2025-04-12,17:11:00,70,0
2025-04-12,17:14:00,19,1
2025-04-12,17:15:00,46,1
2025-04-12,17:15:00,50,0
2025-04-12,17:16:00,20,0
2025-04-12,17:18:00,29,0
2025-04-12,17:19:00,32,0
2025-04-12,17:21:00,49,1
2025-04-12,17:24:00,16,1
2025-04-12,17:27:00,54,1
2025-04-12,17:31:00,22,1
2025-04-12,17:33:00,28,0
2025-04-12,17:37:00,17,1
2025-04-12,17:39:00,31,1
2025-04-12,17:41:00,34,1
2025-04-12,17:43:00,22,1
2025-04-12,17:45:00,35,1
2025-04-12,17:45:00,21,0
2025-04-12,17:48:00,17,0
2025-04-12,17:55:00,32,0
2025-04-12,17:56:00,35,0
2025-04-12,18:05:00,23,0
2025-04-12,18:06:00,69,0
2025-04-12,18:12:00,33,1
2025-04-12,18:14:00,25,0
2025-04-12,18:18:00,19,1
2025-04-12,18:18:00,23,0
2025-04-12,18:18:00,21,0
2025-04-12,18:21:00,29,0
2025-04-12,18:21:00,27,1
2025-04-12,18:23:00,71,1
2025-04-12,18:25:00,32,1
2025-04-12,18:25:00,17,1
2025-04-12,18:27:00,59,0
2025-04-12,18:29:00,19,1
2025-04-12,18:31:00,28,0
2025-04-12,18:33:00,52,0
2025-04-12,18:35:00,69,1
2025-04-12,18:39:00,23,1
2025-04-12,18:45:00,23,0
2025-04-12,18:46:00,17,1
2025-04-12,18:46:00,27,0
2025-04-12,18:49:00,22,0
2025-04-12,18:52:00,35,1
2025-04-12,19:02:00,27,0
2025-04-12,19:05:00,44,0
2025-04-12,19:08:00,20,0
2025-04-12,19:11:00,42,1
2025-04-12,19:12:00,65,1
2025-04-12,19:13:00,35,0
2025-04-12,19:14:00,49,1
2025-04-12,19:16:00,46,1
2025-04-12,19:17:00,36,1
2025-04-12,19:19:00,59,0
2025-04-12,19:20:00,30,0
2025-04-12,19:40:00,21,0
2025-04-12,19:40:00,17,0
2025-04-12,19:40:00,44,1
2025-04-12,19:43:00,23,0
2025-04-12,19:48:00,24,1
2025-04-12,19:49:00,39,0
2025-04-12,19:49:00,31,0
2025-04-12,19:50:00,77,1
2025-04-12,19:58:00,22,0
2025-04-12,19:59:00,30,1
2025-04-12,20:00:00,27,0
2025-04-12,20:04:00,21,1
2025-04-12,20:05:00,22,0
2025-04-12,20:09:00,16,1
2025-04-12,20:10:00,32,1
2025-04-12,20:10:00,36,1
2025-04-12,20:13:00,74,0
2025-04-12,20:13:00,26,1
2025-04-12,20:16:00,15,0
2025-04-12,20:16:00,70,1
2025-04-12,20:18:00,48,1
2025-04-12,20:22:00,35,0
2025-04-12,20:22:00,19,0
2025-04-12,20:25:00,18,1
2025-04-12,20:26:00,28,0
2025-04-12,20:27:00,25,0
2025-04-12,20:27:00,17,1
2025-04-12,20:38:00,32,0
2025-04-12,20:54:00,54,1
2025-04-12,20:58:00,39,1
2025-04-13,09:00:00,21,1
2025-04-13,09:03:00,37,0
2025-04-13,09:10:00,20,0
2025-04-13,09:11:00,38,1
2025-04-13,09:13:00,47,1
2025-04-13,09:31:00,29,0
2025-04-13,09:32:00,20,1
2025-04-13,09:33:00,29,0
2025-04-13,09:33:00,39,1
2025-04-13,09:40:00,25,0
2025-04-13,09:49:00,29,0
2025-04-13,09:52:00,23,1
2025-04-13,09:52:00,16,0
2025-04-13,09:56:00,36,1
2025-04-13,09:59:00,48,0
2025-04-13,10:02:00,21,1
2025-04-13,10:07:00,18,0
2025-04-13,10:11:00,22,1
2025-04-13,10:11:00,22,1
2025-04-13,10:12:00,57,0
2025-04-13,10:14:00,35,0
2025-04-13,10:15:00,28,0
2025-04-13,10:21:00,17,0
2025-04-13,10:27:00,28,0
2025-04-13,10:34:00,17,0
2025-04-13,10:36:00,39,1
2025-04-13,10:43:00,21,0
2025-04-13,10:48:00,15,0
2025-04-13,10:50:00,23,0
2025-04-13,11:02:00,31,0
2025-04-13,11:06:00,20,0
2025-04-13,11:11:00,43,0
2025-04-13,11:24:00,31,1
2025-04-13,11:27:00,37,0
2025-04-13,11:28:00,55,0
2025-04-13,11:28:00,22,0
2025-04-13,11:30:00,27,1
2025-04-13,11:36:00,61,1
2025-04-13,11:46:00,45,1
2025-04-13,11:52:00,26,1
2025-04-13,11:52:00,33,0
2025-04-13,11:56:00,45,0
2025-04-13,12:00:00,46,1
2025-04-13,12:02:00,34,0
2025-04-13,12:08:00,25,0
2025-04-13,12:08:00,15,0
2025-04-13,12:10:00,31,1
2025-04-13,12:10:00,46,1
2025-04-13,12:12:00,33,0
2025-04-13,12:17:00,38,1
2025-04-13,12:22:00,55,0
2025-04-13,12:26:00,16,0
2025-04-13,12:27:00,18,0
2025-04-13,12:30:00,21,0
2025-04-13,12:30:00,61,0
2025-04-13,12:32:00,58,0
2025-04-13,12:33:00,49,0
2025-04-13,12:36:00,33,1
2025-04-13,12:36:00,78,0
2025-04-13,12:41:00,45,1
2025-04-13,12:43:00,54,1
2025-04-13,12:48:00,52,0
2025-04-13,12:48:00,43,0
2025-04-13,12:49:00,25,0
2025-04-13,12:49:00,36,0
2025-04-13,12:50:00,20,0
2025-04-13,12:52:00,57,0
2025-04-13,12:53:00,38,0
2025-04-13,13:00:00,15,0
2025-04-13,13:04:00,17,1
2025-04-13,13:05:00,17,1
2025-04-13,13:06:00,20,0
2025-04-13,13:10:00,29,0
2025-04-13,13:11:00,34,0
2025-04-13,13:12:00,37,0
2025-04-13,13:14:00,47,0
2025-04-13,13:14:00,38,1
2025-04-13,13:21:00,75,0
2025-04-13,13:24:00,16,0
2025-04-13,13:32:00,68,1
2025-04-13,13:33:00,22,1
2025-04-13,13:34:00,46,1
2025-04-13,13:38:00,18,1
2025-04-13,13:42:00,24,0
2025-04-13,13:43:00,38,1
2025-04-13,13:44:00,37,0
2025-04-13,13:44:00,34,0
2025-04-13,13:45:00,22,1
2025-04-13,13:55:00,45,0
2025-04-13,13:57:00,66,0
2025-04-13,13:58:00,26,1
2025-04-13,13:59:00,38,1
2025-04-13,14:00:00,61,0
2025-04-13,14:18:00,41,0
2025-04-13,14:18:00,29,0
2025-04-13,14:25:00,47,1
2025-04-13,14:29:00,28,1
2025-04-13,14:42:00,21,0
2025-04-13,14:45:00,19,0
2025-04-13,14:47:00,16,0
2025-04-13,14:50:00,31,1
2025-04-13,14:51:00,32,1
2025-04-13,14:52:00,26,1
2025-04-13,15:00:00,17,1
2025-04-13,15:00:00,22,0
2025-04-13,15:01:00,59,0
2025-04-13,15:02:00,37,1
2025-04-13,15:06:00,24,1
2025-04-13,15:09:00,79,0
2025-04-13,15:12:00,31,1
2025-04-13,15:13:00,69,0
2025-04-13,15:17:00,38,1
2025-04-13,15:19:00,59,1
2025-04-13,15:21:00,35,1
2025-04-13,15:22:00,34,0
2025-04-13,15:22:00,20,0
2025-04-13,15:22:00,37,0
2025-04-13,15:27:00,54,0
2025-04-13,15:29:00,34,0
2025-04-13,15:32:00,19,0
2025-04-13,15:33:00,19,1
2025-04-13,15:34:00,36,0
2025-04-13,15:34:00,24,1
2025-04-13,15:34:00,47,1
2025-04-13,15:36:00,34,1
2025-04-13,15:37:00,28,0
2025-04-13,15:37:00,18,1
2025-04-13,15:42:00,18,1
2025-04-13,15:49:00,31,0
2025-04-13,15:52:00,22,1
2025-04-13,15:52:00,52,0
2025-04-13,15:57:00,28,0
2025-04-13,16:04:00,32,0
2025-04-13,16:05:00,31,0
2025-04-13,16:12:00,34,0
2025-04-13,16:19:00,26,0
2025-04-13,16:22:00,26,1
2025-04-13,16:24:00,21,0
2025-04-13,16:26:00,22,1
2025-04-13,16:29:00,30,1
2025-04-13,16:36:00,22,1
2025-04-13,16:45:00,54,0
2025-04-13,16:46:00,51,1
2025-04-13,16:52:00,21,1
2025-04-13,16:54:00,25,0
2025-04-13,16:55:00,23,0
2025-04-13,17:00:00,73,0
2025-04-13,17:00:00,70,1
2025-04-13,17:02:00,39,1
2025-04-13,17:03:00,22,0
2025-04-13,17:10:00,78,0
2025-04-13,17:13:00,28,0
2025-04-13,17:19:00,33,0
2025-04-13,17:25:00,15,0
2025-04-13,17:27:00,32,1
2025-04-13,17:33:00,36,1
2025-04-13,17:35:00,16,1
2025-04-13,17:40:00,24,1
2025-04-13,17:42:00,47,1
2025-04-13,17:45:00,60,0
2025-04-13,17:47:00,77,1
2025-04-13,17:47:00,22,0
2025-04-13,17:55:00,38,0
2025-04-13,17:59:00,39,0
2025-04-13,18:06:00,49,0
2025-04-13,18:26:00,17,1
2025-04-13,18:33:00,21,0
2025-04-13,18:36:00,61,0
2025-04-13,18:39:00,37,1
2025-04-13,18:42:00,25,0
2025-04-13,18:49:00,16,0
2025-04-13,18:51:00,16,0
2025-04-13,18:55:00,54,0
2025-04-13,18:55:00,76,0
2025-04-13,19:00:00,18,1
2025-04-13,19:00:00,31,0
2025-04-13,19:03:00,17,1
2025-04-13,19:08:00,26,1
2025-04-13,19:09:00,39,0
2025-04-13,19:09:00,23,1
2025-04-13,19:09:00,15,0
2025-04-13,19:10:00,33,1
2025-04-13,19:19:00,67,0
2025-04-13,19:20:00,46,0
2025-04-13,19:22:00,22,1
2025-04-13,19:24:00,42,0
2025-04-13,19:31:00,63,1
2025-04-13,19:31:00,34,0
2025-04-13,19:32:00,19,0
2025-04-13,19:32:00,34,1
2025-04-13,19:33:00,20,1
2025-04-13,19:35:00,22,1
2025-04-13,19:37:00,24,0
2025-04-13,19:37:00,19,1
2025-04-13,19:42:00,35,0
2025-04-13,19:43:00,39,1
2025-04-13,19:45:00,43,0
2025-04-13,19:47:00,33,1
2025-04-13,19:49:00,39,1
2025-04-13,19:52:00,41,0
2025-04-13,19:55:00,16,0
2025-04-13,19:58:00,17,0
2025-04-13,20:03:00,38,1
2025-04-13,20:03:00,51,0
2025-04-13,20:08:00,37,1
2025-04-13,20:10:00,25,1
2025-04-13,20:13:00,34,0
2025-04-13,20:13:00,20,0
2025-04-13,20:14:00,21,1
2025-04-13,20:16:00,15,1
2025-04-13,20:18:00,29,0
2025-04-13,20:21:00,19,0
2025-04-13,20:30:00,32,1
2025-04-13,20:34:00,31,0
2025-04-13,20:35:00,25,1
2025-04-13,20:41:00,32,0
2025-04-13,20:41:00,34,0
2025-04-13,20:45:00,46,1
2025-04-13,20:49:00,34,0
2025-04-13,20:50:00,29,0
2025-04-13,20:51:00,28,1
2025-04-14,09:00:00,23,0
2025-04-14,09:11:00,34,0
2025-04-14,09:16:00,41,0
2025-04-14,09:18:00,22,1
2025-04-14,09:36:00,18,0
2025-04-14,09:43:00,26,1
2025-04-14,09:43:00,16,1
2025-04-14,09:43:00,42,1
2025-04-14,09:44:00,15,1
2025-04-14,09:48:00,47,1
2025-04-14,09:55:00,25,1
2025-04-14,10:00:00,24,1
2025-04-14,10:02:00,26,1
2025-04-14,10:09:00,33,0
2025-04-14,10:32:00,39,0
2025-04-14,10:32:00,31,0
2025-04-14,10:41:00,44,0
2025-04-14,10:51:00,18,0
2025-04-14,11:00:00,33,1
2025-04-14,11:03:00,37,0
2025-04-14,11:06:00,21,1
2025-04-14,11:08:00,35,0
2025-04-14,11:10:00,22,0
2025-04-14,11:16:00,42,1
2025-04-14,11:18:00,25,0
2025-04-14,11:25:00,21,0
2025-04-14,11:35:00,18,0
2025-04-14,11:42:00,37,1
2025-04-14,11:57:00,33,1
2025-04-14,12:03:00,28,0
2025-04-14,12:06:00,34,0
2025-04-14,12:27:00,33,0
2025-04-14,12:34:00,16,0
2025-04-14,12:35:00,54,0
2025-04-14,12:35:00,24,1
2025-04-14,12:39:00,56,0
2025-04-14,12:39:00,24,0
2025-04-14,12:45:00,51,0
2025-04-14,12:51:00,37,1
2025-04-14,12:53:00,29,0
2025-04-14,12:59:00,33,1
2025-04-14,13:00:00,50,0
2025-04-14,13:10:00,25,0
2025-04-14,13:13:00,47,0
2025-04-14,13:15:00,25,1
2025-04-14,13:16:00,51,1
2025-04-14,13:22:00,21,0
2025-04-14,13:31:00,35,1
2025-04-14,13:34:00,38,0
2025-04-14,13:42:00,18,0
2025-04-14,13:48:00,20,0
2025-04-14,13:53:00,22,0
2025-04-14,14:01:00,38,0
2025-04-14,14:08:00,44,0
2025-04-14,14:09:00,18,1
2025-04-14,14:11:00,29,0
2025-04-14,14:23:00,45,0
2025-04-14,14:26:00,37,1
2025-04-14,14:27:00,56,1
2025-04-14,14:30:00,56,1
2025-04-14,14:33:00,61,1
2025-04-14,14:33:00,34,1
2025-04-14,14:34:00,28,1
2025-04-14,14:39:00,17,1
2025-04-14,14:41:00,25,0
2025-04-14,14:42:00,16,1
2025-04-14,14:43:00,18,0
2025-04-14,14:47:00,72,0
2025-04-14,14:50:00,15,1
2025-04-14,14:54:00,47,0
2025-04-14,15:03:00,38,1
2025-04-14,15:07:00,38,1
2025-04-14,15:09:00,16,1
2025-04-14,15:23:00,20,1
2025-04-14,15:23:00,27,0
2025-04-14,15:24:00,46,0
2025-04-14,15:24:00,18,1
2025-04-14,15:28:00,73,0
2025-04-14,15:28:00,33,0
2025-04-14,15:35:00,17,1
2025-04-14,15:36:00,43,1
2025-04-14,15:40:00,33,0
2025-04-14,15:41:00,32,0
2025-04-14,15:42:00,24,0
2025-04-14,15:45:00,55,1
2025-04-14,15:45:00,35,0
2025-04-14,15:56:00,17,1
2025-04-14,15:56:00,47,0
2025-04-14,15:58:00,19,1
2025-04-14,15:59:00,30,1
2025-04-14,16:07:00,30,0
2025-04-14,16:19:00,47,1
2025-04-14,16:23:00,22,0
2025-04-14,16:30:00,39,0
2025-04-14,16:43:00,34,1
2025-04-14,16:43:00,46,1
2025-04-14,16:43:00,46,1
2025-04-14,16:54:00,38,1
2025-04-14,16:57:00,49,0
2025-04-14,17:02:00,33,1
2025-04-14,17:03:00,17,1
2025-04-14,17:07:00,29,1
2025-04-14,17:12:00,24,1
2025-04-14,17:15:00,32,0
2025-04-14,17:17:00,18,0
2025-04-14,17:21:00,43,1
2025-04-14,17:26:00,17,1
2025-04-14,17:37:00,27,1
2025-04-14,17:40:00,27,0
2025-04-14,17:41:00,45,0
2025-04-14,17:55:00,37,0
2025-04-14,17:58:00,29,1
2025-04-14,18:05:00,32,0
2025-04-14,18:07:00,57,1
2025-04-14,18:16:00,36,1
2025-04-14,18:16:00,38,1
2025-04-14,18:18:00,67,0
2025-04-14,18:21:00,74,1
2025-04-14,18:21:00,44,1
2025-04-14,18:21:00,30,0
2025-04-14,18:26:00,39,1
2025-04-14,18:29:00,26,0
2025-04-14,18:29:00,78,1
2025-04-14,18:32:00,30,0
2025-04-14,18:38:00,20,0
2025-04-14,18:39:00,28,1
2025-04-14,18:49:00,31,1
2025-04-14,18:54:00,37,0
2025-04-14,18:59:00,24,1
2025-04-14,19:06:00,50,1
2025-04-14,19:17:00,30,1
2025-04-14,19:32:00,57,0
2025-04-14,19:32:00,40,1
2025-04-14,19:37:00,22,1
2025-04-14,20:02:00,29,0
2025-04-14,20:20:00,31,0
2025-04-14,20:20:00,25,0
2025-04-14,20:37:00,34,0
2025-04-14,20:42:00,20,0
2025-04-14,20:43:00,54,0
2025-04-14,20:44:00,69,0
2025-04-14,20:51:00,25,0
2025-04-14,20:55:00,21,0
2025-04-14,20:56:00,42,0
2025-04-14,20:56:00,23,1
2025-04-15,09:00:00,39,0
2025-04-15,09:03:00,49,1
2025-04-15,09:07:00,35,0
2025-04-15,09:08:00,58,1
2025-04-15,09:10:00,29,1
2025-04-15,09:17:00,34,0
2025-04-15,09:19:00,51,1
2025-04-15,09:21:00,51,1
2025-04-15,09:22:00,28,1
2025-04-15,09:25:00,25,0
2025-04-15,09:26:00,70,0
2025-04-15,09:27:00,21,1
2025-04-15,09:28:00,19,0
2025-04-15,09:29:00,59,0
2025-04-15,09:32:00,30,1
2025-04-15,09:32:00,19,1
2025-04-15,09:33:00,18,0
2025-04-15,09:34:00,16,1
2025-04-15,09:34:00,40,1
2025-04-15,09:38:00,58,0
2025-04-15,09:39:00,34,1
2025-04-15,09:40:00,18,0
2025-04-15,09:47:00,30,0
2025-04-15,09:50:00,19,0
2025-04-15,09:51:00,27,1
2025-04-15,09:52:00,30,0
2025-04-15,09:52:00,23,0
2025-04-15,09:57:00,20,1
2025-04-15,09:58:00,50,1
2025-04-15,09:59:00,15,0
2025-04-15,09:59:00,38,0
2025-04-15,10:00:00,73,0
2025-04-15,10:02:00,35,0
2025-04-15,10:05:00,36,0
2025-04-15,10:12:00,31,0
2025-04-15,10:17:00,26,1
2025-04-15,10:28:00,32,0
2025-04-15,10:34:00,36,1
2025-04-15,10:35:00,39,0
2025-04-15,10:38:00,26,0
2025-04-15,10:39:00,56,0
2025-04-15,10:45:00,57,0
2025-04-15,10:46:00,34,1
2025-04-15,10:48:00,18,1
2025-04-15,10:55:00,56,0
2025-04-15,10:56:00,31,0
2025-04-15,10:59:00,48,1
2025-04-15,11:00:00,16,0
2025-04-15,11:02:00,43,1
2025-04-15,11:02:00,36,1
2025-04-15,11:06:00,27,1
2025-04-15,11:07:00,45,0
2025-04-15,11:07:00,54,0
2025-04-15,11:07:00,33,0
2025-04-15,11:10:00,44,1
2025-04-15,11:11:00,52,0
2025-04-15,11:13:00,38,1
2025-04-15,11:16:00,45,0
2025-04-15,11:18:00,38,0
2025-04-15,11:19:00,17,1
2025-04-15,11:19:00,57,1
2025-04-15,11:20:00,35,0
2025-04-15,11:27:00,16,0
2025-04-15,11:28:00,18,0
2025-04-15,11:33:00,39,0
2025-04-15,11:33:00,18,0
2025-04-15,11:41:00,32,0
2025-04-15,11:42:00,30,0
2025-04-15,11:43:00,71,0
2025-04-15,11:46:00,31,1
2025-04-15,11:51:00,23,1
2025-04-15,11:52:00,52,1
2025-04-15,11:56:00,30,1
2025-04-15,11:59:00,31,0
2025-04-15,11:59:00,24,0
2025-04-15,12:07:00,51,1
2025-04-15,12:11:00,44,1
2025-04-15,12:15:00,16,0
2025-04-15,12:16:00,41,0
2025-04-15,12:17:00,31,1
2025-04-15,12:21:00,21,1
2025-04-15,12:22:00,23,1
2025-04-15,12:22:00,61,0
2025-04-15,12:28:00,54,1
2025-04-15,12:38:00,27,0
2025-04-15,12:40:00,21,1
2025-04-15,12:40:00,54,0
2025-04-15,12:42:00,39,1
2025-04-15,12:45:00,19,0
2025-04-15,12:47:00,21,1
2025-04-15,12:51:00,22,0
2025-04-15,13:06:00,27,1
2025-04-15,13:11:00,40,1
2025-04-15,13:24:00,32,1
2025-04-15,13:30:00,31,1
2025-04-15,13:38:00,31,0
2025-04-15,13:48:00,20,1
2025-04-15,13:50:00,29,0
2025-04-15,13:51:00,15,0
2025-04-15,13:55:00,18,0
2025-04-15,14:06:00,54,0
2025-04-15,14:12:00,61,1
2025-04-15,14:17:00,19,1
2025-04-15,14:21:00,32,1
2025-04-15,14:22:00,15,1
2025-04-15,14:24:00,42,1
2025-04-15,14:27:00,59,1
2025-04-15,14:28:00,50,1
2025-04-15,14:30:00,32,0
2025-04-15,14:30:00,47,0
2025-04-15,14:33:00,15,0
2025-04-15,14:42:00,52,1
2025-04-15,14:46:00,25,0
2025-04-15,14:47:00,34,0
2025-04-15,14:48:00,26,0
2025-04-15,14:48:00,27,1
2025-04-15,14:48:00,74,0
2025-04-15,14:54:00,36,0
2025-04-15,14:56:00,53,1
2025-04-15,14:58:00,37,1
2025-04-15,15:01:00,54,1
2025-04-15,15:06:00,22,0
2025-04-15,15:08:00,47,0
2025-04-15,15:10:00,19,1
2025-04-15,15:23:00,27,0
2025-04-15,15:30:00,17,1
2025-04-15,15:34:00,23,0
2025-04-15,15:35:00,63,0
2025-04-15,15:36:00,50,0
2025-04-15,15:45:00,32,1
2025-04-15,15:49:00,41,0
2025-04-15,15:51:00,27,1
2025-04-15,15:52:00,19,0
2025-04-15,15:52:00,17,1
2025-04-15,15:53:00,33,1
2025-04-15,15:55:00,25,0
2025-04-15,15:58:00,18,1
2025-04-15,16:08:00,37,0
2025-04-15,16:08:00,16,0
2025-04-15,16:20:00,22,0
2025-04-15,16:24:00,30,1
2025-04-15,16:28:00,34,1
2025-04-15,16:34:00,28,1
2025-04-15,16:34:00,37,1
2025-04-15,16:37:00,25,1
2025-04-15,16:58:00,39,1
2025-04-15,17:04:00,24,0
2025-04-15,17:07:00,33,1
2025-04-15,17:08:00,57,1
2025-04-15,17:14:00,36,1
2025-04-15,17:14:00,35,0
2025-04-15,17:15:00,65,0
2025-04-15,17:20:00,21,0
2025-04-15,17:20:00,19,1
2025-04-15,17:29:00,35,0
2025-04-15,17:31:00,15,1
2025-04-15,17:35:00,36,1
2025-04-15,17:37:00,19,0
2025-04-15,17:38:00,42,1
2025-04-15,17:40:00,19,1
2025-04-15,17:43:00,58,0
2025-04-15,17:44:00,28,1
2025-04-15,17:46:00,30,1
2025-04-15,17:47:00,55,0
2025-04-15,17:48:00,34,1
2025-04-15,17:48:00,72,1
2025-04-15,17:48:00,41,1
2025-04-15,17:53:00,68,1
2025-04-15,17:53:00,41,1
2025-04-15,17:54:00,39,1
2025-04-15,17:54:00,36,1
2025-04-15,17:57:00,36,0
2025-04-15,17:58:00,32,1
2025-04-15,17:59:00,26,0
2025-04-15,18:00:00,39,1
2025-04-15,18:02:00,20,1
2025-04-15,18:04:00,72,0
2025-04-15,18:07:00,55,0
2025-04-15,18:08:00,37,0
2025-04-15,18:09:00,36,1
2025-04-15,18:09:00,22,0
2025-04-15,18:12:00,34,0
2025-04-15,18:13:00,26,0
2025-04-15,18:15:00,28,0
2025-04-15,18:15:00,23,1
2025-04-15,18:16:00,37,0
2025-04-15,18:19:00,33,1
2025-04-15,18:19:00,30,0
2025-04-15,18:21:00,31,1
2025-04-15,18:23:00,70,0
2025-04-15,18:23:00,78,1
2025-04-15,18:23:00,57,0
2025-04-15,18:28:00,39,0
2025-04-15,18:34:00,33,1
2025-04-15,18:35:00,75,1
2025-04-15,18:39:00,41,1
2025-04-15,18:41:00,78,1
2025-04-15,18:50:00,55,0
2025-04-15,18:50:00,29,1
2025-04-15,18:51:00,23,1
2025-04-15,18:52:00,19,0
2025-04-15,18:53:00,37,0
2025-04-15,18:54:00,44,0
2025-04-15,18:55:00,74,0
2025-04-15,18:55:00,21,1
2025-04-15,18:55:00,33,0
2025-04-15,18:56:00,37,0
2025-04-15,19:00:00,45,0
2025-04-15,19:02:00,59,0
2025-04-15,19:03:00,24,0
2025-04-15,19:05:00,61,0
2025-04-15,19:05:00,48,0
2025-04-15,19:07:00,20,1
2025-04-15,19:07:00,25,0
2025-04-15,19:10:00,68,0
2025-04-15,19:11:00,29,1
2025-04-15,19:12:00,18,1
2025-04-15,19:13:00,49,1
2025-04-15,19:14:00,39,0
2025-04-15,19:15:00,38,0
2025-04-15,19:16:00,49,1
2025-04-15,19:16:00,38,0
2025-04-15,19:17:00,17,1
2025-04-15,19:19:00,21,0
2025-04-15,19:19:00,28,1
2025-04-15,19:24:00,38,0
2025-04-15,19:27:00,18,0
2025-04-15,19:30:00,64,0
2025-04-15,19:30:00,29,0
2025-04-15,19:31:00,68,1
2025-04-15,19:31:00,58,0
2025-04-15,19:31:00,36,0
2025-04-15,19:35:00,57,1
2025-04-15,19:35:00,32,1
2025-04-15,19:40:00,34,0
2025-04-15,19:40:00,42,0
2025-04-15,19:41:00,71,1
2025-04-15,19:44:00,25,1
2025-04-15,19:50:00,38,0
2025-04-15,19:53:00,43,0
2025-04-15,20:02:00,44,0
2025-04-15,20:04:00,63,0
2025-04-15,20:13:00,38,0
2025-04-15,20:15:00,56,0
2025-04-15,20:19:00,40,1
2025-04-15,20:25:00,33,1
2025-04-15,20:40:00,38,1
2025-04-15,20:40:00,25,0
2025-04-15,20:41:00,33,0
2025-04-15,20:41:00,62,1
2025-04-15,20:45:00,30,1
2025-04-15,20:50:00,62,1
2025-04-15,20:51:00,59,0
2025-04-15,20:52:00,44,0
2025-04-15,20:52:00,19,1
2025-04-15,20:59:00,48,0
